-- phpMyAdmin SQL Dump
-- version 4.8.1
-- https://www.phpmyadmin.net/
--
-- Host: 127.0.0.1
-- Generation Time: Aug 28, 2018 at 06:18 PM
-- Server version: 10.1.33-MariaDB
-- PHP Version: 7.2.6

SET SQL_MODE = "NO_AUTO_VALUE_ON_ZERO";
SET AUTOCOMMIT = 0;
START TRANSACTION;
SET time_zone = "+00:00";


/*!40101 SET @OLD_CHARACTER_SET_CLIENT=@@CHARACTER_SET_CLIENT */;
/*!40101 SET @OLD_CHARACTER_SET_RESULTS=@@CHARACTER_SET_RESULTS */;
/*!40101 SET @OLD_COLLATION_CONNECTION=@@COLLATION_CONNECTION */;
/*!40101 SET NAMES utf8mb4 */;

--
-- Database: `db_prg`
--

-- --------------------------------------------------------

--
-- Table structure for table `absensi`
--

CREATE TABLE `absensi` (
  `id` int(10) UNSIGNED NOT NULL,
  `nip` varchar(191) COLLATE utf8mb4_unicode_ci NOT NULL,
  `id_waktu` varchar(191) COLLATE utf8mb4_unicode_ci NOT NULL,
  `absensi1` varchar(191) COLLATE utf8mb4_unicode_ci NOT NULL,
  `absensi2` varchar(191) COLLATE utf8mb4_unicode_ci NOT NULL,
  `absensi3` varchar(191) COLLATE utf8mb4_unicode_ci NOT NULL,
  `absensi4` varchar(191) COLLATE utf8mb4_unicode_ci NOT NULL,
  `kd_aturan` varchar(191) COLLATE utf8mb4_unicode_ci NOT NULL,
  `created_at` timestamp NULL DEFAULT NULL,
  `updated_at` timestamp NULL DEFAULT NULL,
  `deleted_at` timestamp NULL DEFAULT NULL
) ENGINE=InnoDB DEFAULT CHARSET=utf8mb4 COLLATE=utf8mb4_unicode_ci;

--
-- Dumping data for table `absensi`
--

INSERT INTO `absensi` (`id`, `nip`, `id_waktu`, `absensi1`, `absensi2`, `absensi3`, `absensi4`, `kd_aturan`, `created_at`, `updated_at`, `deleted_at`) VALUES
(1, '196606261987032005', '1', '0', '0', '0', '0', '1', '2018-08-23 04:06:59', '2018-08-23 04:06:59', NULL),
(2, '196606261987032004', '1', '0', '0', '0', '0', '1', '2018-08-23 04:06:59', '2018-08-23 04:06:59', NULL),
(3, '196606261987032006', '1', '0', '0', '0', '0', '1', '2018-08-23 04:06:59', '2018-08-23 04:06:59', NULL),
(4, '81051411', '1', '0', '0', '0', '0', '1', '2018-08-23 04:07:27', '2018-08-23 04:07:27', NULL),
(5, '81051412', '1', '0', '0', '0', '0', '1', '2018-08-23 04:07:27', '2018-08-23 04:07:27', NULL),
(6, '81051413', '1', '0', '0', '0', '0', '1', '2018-08-23 04:07:27', '2018-08-23 04:07:27', NULL),
(7, '81051414', '1', '0', '0', '0', '0', '1', '2018-08-23 04:07:27', '2018-08-23 04:07:27', NULL),
(8, '81051415', '1', '0', '0', '0', '0', '1', '2018-08-23 04:07:27', '2018-08-23 04:07:27', NULL),
(9, '81051416', '1', '0', '0', '0', '0', '1', '2018-08-23 04:07:27', '2018-08-23 04:07:27', NULL),
(10, '81051417', '1', '0', '0', '0', '0', '1', '2018-08-23 04:07:27', '2018-08-23 04:07:27', NULL),
(11, '81051418', '1', '0', '0', '0', '0', '1', '2018-08-23 04:07:27', '2018-08-23 04:07:27', NULL),
(12, '81051419', '1', '1', '0.5', '0', '0', '1', '2018-08-23 04:07:27', '2018-08-23 04:07:27', NULL);

-- --------------------------------------------------------

--
-- Table structure for table `aturan_absensi`
--

CREATE TABLE `aturan_absensi` (
  `id` int(10) UNSIGNED NOT NULL,
  `rumus` varchar(191) COLLATE utf8mb4_unicode_ci NOT NULL,
  `nama` varchar(191) COLLATE utf8mb4_unicode_ci NOT NULL,
  `created_at` timestamp NULL DEFAULT NULL,
  `updated_at` timestamp NULL DEFAULT NULL,
  `deleted_at` timestamp NULL DEFAULT NULL
) ENGINE=InnoDB DEFAULT CHARSET=utf8mb4 COLLATE=utf8mb4_unicode_ci;

--
-- Dumping data for table `aturan_absensi`
--

INSERT INTO `aturan_absensi` (`id`, `rumus`, `nama`, `created_at`, `updated_at`, `deleted_at`) VALUES
(1, '0.005*G*H', 'LMBT/CPT(<1-2JAM) SAKIT(>3HR) UMROH/HAJI/KAGMLAIN(/HR)', NULL, '2018-07-31 07:56:35', NULL),
(2, '0.0075*G*H', 'LMBT/CPT (> 2 JAM)', NULL, '2018-07-31 07:56:35', NULL),
(3, '0.01*G*H', 'CUTI/ IJIN', NULL, '2018-07-31 07:56:35', NULL),
(4, '0.03*G*H', 'TK/HR', NULL, '2018-07-31 07:56:36', NULL);

-- --------------------------------------------------------

--
-- Table structure for table `aturan_tunkin`
--

CREATE TABLE `aturan_tunkin` (
  `id` int(10) UNSIGNED NOT NULL,
  `kd_aturan` varchar(30) COLLATE utf8mb4_unicode_ci NOT NULL,
  `nama_aturan` varchar(191) COLLATE utf8mb4_unicode_ci NOT NULL,
  `state` enum('0','1') COLLATE utf8mb4_unicode_ci NOT NULL,
  `created_at` timestamp NULL DEFAULT NULL,
  `updated_at` timestamp NULL DEFAULT NULL,
  `deleted_at` timestamp NULL DEFAULT NULL
) ENGINE=InnoDB DEFAULT CHARSET=utf8mb4 COLLATE=utf8mb4_unicode_ci;

--
-- Dumping data for table `aturan_tunkin`
--

INSERT INTO `aturan_tunkin` (`id`, `kd_aturan`, `nama_aturan`, `state`, `created_at`, `updated_at`, `deleted_at`) VALUES
(1, '1212', 'Aturan 2018', '1', NULL, '2018-08-22 05:00:57', NULL),
(8, '131313', 'Aturan Belum Sah', '0', '2018-08-22 05:00:49', '2018-08-22 05:00:57', NULL);

-- --------------------------------------------------------

--
-- Table structure for table `aturan_tunkin_detail`
--

CREATE TABLE `aturan_tunkin_detail` (
  `id` int(10) UNSIGNED NOT NULL,
  `id_aturan_tunkin` varchar(191) COLLATE utf8mb4_unicode_ci NOT NULL,
  `kelas_jabatan` int(191) NOT NULL,
  `tunjangan` varchar(191) COLLATE utf8mb4_unicode_ci NOT NULL,
  `created_at` timestamp NULL DEFAULT NULL,
  `updated_at` timestamp NULL DEFAULT NULL,
  `deleted_at` timestamp NULL DEFAULT NULL
) ENGINE=InnoDB DEFAULT CHARSET=utf8mb4 COLLATE=utf8mb4_unicode_ci;

--
-- Dumping data for table `aturan_tunkin_detail`
--

INSERT INTO `aturan_tunkin_detail` (`id`, `id_aturan_tunkin`, `kelas_jabatan`, `tunjangan`, `created_at`, `updated_at`, `deleted_at`) VALUES
(94, '1', 1, '1000000', NULL, NULL, NULL),
(95, '1', 2, '2000000', NULL, NULL, NULL),
(96, '1', 3, '3000000', NULL, NULL, NULL),
(97, '1', 4, '4000000', NULL, NULL, NULL),
(98, '1', 5, '5000000', NULL, NULL, NULL),
(99, '1', 6, '6000000', NULL, NULL, NULL),
(100, '1', 7, '7000000', NULL, NULL, NULL),
(101, '1', 8, '8000000', NULL, NULL, NULL),
(102, '1', 9, '9000000', NULL, NULL, NULL),
(103, '1', 10, '10000000', NULL, NULL, NULL),
(104, '1', 11, '11000000', NULL, NULL, NULL),
(105, '1', 12, '12000000', NULL, NULL, NULL),
(106, '1', 13, '13000000', NULL, NULL, NULL),
(107, '1', 14, '14000000', NULL, NULL, NULL),
(108, '8', 12, '1200000', NULL, NULL, NULL);

-- --------------------------------------------------------

--
-- Table structure for table `dept`
--

CREATE TABLE `dept` (
  `id` int(10) UNSIGNED NOT NULL,
  `kd_dept` varchar(191) COLLATE utf8mb4_unicode_ci NOT NULL,
  `nm_dept` varchar(191) COLLATE utf8mb4_unicode_ci NOT NULL,
  `created_at` timestamp NULL DEFAULT NULL,
  `updated_at` timestamp NULL DEFAULT NULL,
  `deleted_at` timestamp NULL DEFAULT NULL
) ENGINE=InnoDB DEFAULT CHARSET=utf8mb4 COLLATE=utf8mb4_unicode_ci;

--
-- Dumping data for table `dept`
--

INSERT INTO `dept` (`id`, `kd_dept`, `nm_dept`, `created_at`, `updated_at`, `deleted_at`) VALUES
(1, 'D1', 'POLRI', '2018-07-25 16:00:00', NULL, NULL),
(2, 'D2', 'MPR', NULL, NULL, NULL),
(3, '001', 'MAJELIS PERMUSYAWARATAN RAKYAT', '2018-08-09 05:53:01', '2018-08-09 06:30:31', NULL),
(4, '002', 'DEWAN PERWAKILAN RAKYAT', '2018-08-09 05:53:01', '2018-08-09 06:30:31', NULL),
(5, '004', 'BADAN PEMERIKSA KEUANGAN', '2018-08-09 05:53:01', '2018-08-09 06:30:31', NULL),
(6, '005', 'MAHKAMAH AGUNG', '2018-08-09 05:53:01', '2018-08-09 06:30:31', NULL),
(7, '006', 'KEJAKSAAN AGUNG', '2018-08-09 05:53:02', '2018-08-09 06:30:31', NULL),
(8, '007', 'SEKRETARIAT NEGARA', '2018-08-09 05:53:02', '2018-08-09 06:30:31', NULL),
(9, '008', 'WAKIL PRESIDEN', '2018-08-09 05:53:02', '2018-08-09 06:30:31', NULL),
(10, '010', 'DEPARTEMEN DALAM  NEGERI', '2018-08-09 05:53:02', '2018-08-09 06:30:31', NULL),
(11, '011', 'DEPARTEMEN LUAR NEGERI', '2018-08-09 05:53:02', '2018-08-09 06:30:31', NULL),
(12, '012', 'DEPARTEMEN PERTAHANAN', '2018-08-09 05:53:02', '2018-08-09 06:30:31', NULL),
(13, '013', 'DEPARTEMEN HUKUM DAN HAK ASASI MANUSIA RI', '2018-08-09 05:53:02', '2018-08-09 06:30:32', NULL),
(14, '015', 'DEPARTEMEN KEUANGAN', '2018-08-09 05:53:02', '2018-08-09 06:30:32', NULL),
(15, '018', 'DEPARTEMEN PERTANIAN', '2018-08-09 05:53:02', '2018-08-09 06:30:32', NULL),
(16, '019', 'DEPARTEMEN PERINDUSTRIAN', '2018-08-09 05:53:02', '2018-08-09 06:30:32', NULL),
(17, '020', 'DEPARTEMEN ENERGI DAN SUMBER DAYA MINERAL', '2018-08-09 05:53:02', '2018-08-09 06:30:32', NULL),
(18, '022', 'DEPARTEMEN PERHUBUNGAN', '2018-08-09 05:53:02', '2018-08-09 06:30:32', NULL),
(19, '023', 'DEPARTEMEN PENDIDIKAN NASIONAL', '2018-08-09 05:53:02', '2018-08-09 06:30:32', NULL),
(20, '024', 'DEPARTEMEN KESEHATAN', '2018-08-09 05:53:02', '2018-08-09 06:30:32', NULL),
(21, '025', 'DEPARTEMEN AGAMA', '2018-08-09 05:53:02', '2018-08-09 06:30:32', NULL),
(22, '026', 'DEPARTEMEN TENAGA KERJA DAN TRANSMIGRASI', '2018-08-09 05:53:02', '2018-08-09 06:30:32', NULL),
(23, '027', 'DEPARTEMEN SOSIAL', '2018-08-09 05:53:02', '2018-08-09 06:30:32', NULL),
(24, '029', 'DEPARTEMEN KEHUTANAN', '2018-08-09 05:53:02', '2018-08-09 06:30:32', NULL),
(25, '032', 'DEPARTEMEN KELAUTAN DAN PERIKANAN', '2018-08-09 05:53:02', '2018-08-09 06:30:32', NULL),
(26, '033', 'DEPARTEMEN PEKERJAAN UMUM', '2018-08-09 05:53:02', '2018-08-09 06:30:32', NULL),
(27, '034', 'KEMENTERIAN KOORDINATOR BIDANG POLITIK DAN KEAMANAN', '2018-08-09 05:53:02', '2018-08-09 06:30:32', NULL),
(28, '035', 'KEMENTERIAN KOORDINATOR BIDANG PEREKONOMIAN', '2018-08-09 05:53:02', '2018-08-09 06:30:32', NULL),
(29, '036', 'KEMENTERIAN KOORDINATOR BIDANG KESEJAHTERAAN RAKYAT', '2018-08-09 05:53:03', '2018-08-09 06:30:32', NULL),
(30, '040', 'DEPARTEMEN  KEBUDAYAAN DAN PARIWISATA', '2018-08-09 05:53:03', '2018-08-09 06:30:32', NULL),
(31, '041', 'KEMENTERIAN NEGARA BADAN USAHA MILIK NEGARA', '2018-08-09 05:53:03', '2018-08-09 06:30:33', NULL),
(32, '042', 'KEMENTERIAN NEGARA RISET DAN TEKNOLOGI', '2018-08-09 05:53:03', '2018-08-09 06:30:33', NULL),
(33, '043', 'KEMENTERIAN NEGARA LINGKUNGAN HIDUP', '2018-08-09 05:53:03', '2018-08-09 06:30:33', NULL),
(34, '044', 'KEMENTERIAN NEGARA KOPERASI DAN UKM', '2018-08-09 05:53:03', '2018-08-09 06:30:33', NULL),
(35, '047', 'KEMENTERIAN NEGARA PEMBERDAYAAN PEREMPUAN', '2018-08-09 05:53:03', '2018-08-09 06:30:33', NULL),
(36, '048', 'KEMENTERIAN NEGARA PENDAYAGUNAAN APARATUR NEGARA', '2018-08-09 05:53:03', '2018-08-09 06:30:33', NULL),
(37, '050', 'BADAN INTELIJEN NEGARA', '2018-08-09 05:53:03', '2018-08-09 06:30:33', NULL),
(38, '051', 'LEMBAGA SANDI NEGARA', '2018-08-09 05:53:03', '2018-08-09 06:30:33', NULL),
(39, '052', 'DEWAN KETAHANAN NASIONAL', '2018-08-09 05:53:03', '2018-08-09 06:30:33', NULL),
(40, '053', 'BADAN URUSAN LOGISTIK', '2018-08-09 05:53:03', '2018-08-09 06:30:33', NULL),
(41, '054', 'BADAN PUSAT STATISTIK', '2018-08-09 05:53:03', '2018-08-09 06:30:33', NULL),
(42, '055', 'KEMENTERIAN NEGARA PPN / BAPPENAS', '2018-08-09 05:53:04', '2018-08-09 06:30:33', NULL),
(43, '056', 'BADAN PERTANAHAN NASIONAL', '2018-08-09 05:53:04', '2018-08-09 06:30:33', NULL),
(44, '057', 'PERPUSTAKAAN NASIONAL REPUBLIK INDONESIA', '2018-08-09 05:53:04', '2018-08-09 06:30:33', NULL),
(45, '059', 'DEPARTEMEN KOMUNIKASI DAN INFORMATIKA', '2018-08-09 05:53:04', '2018-08-09 06:30:34', NULL),
(46, '060', 'KEPOLISIAN NEGARA REPUBLIK INDONESIA', '2018-08-09 05:53:04', '2018-08-09 06:30:34', NULL),
(47, '061', 'CICILAN BUNGA HUTANG', '2018-08-09 05:53:04', '2018-08-09 06:30:34', NULL),
(48, '062', 'SUBSIDI DAN TRANSFER', '2018-08-09 05:53:04', '2018-08-09 06:30:34', NULL),
(49, '063', 'BADAN PENGAWAS OBAT DAN MAKANAN', '2018-08-09 05:53:04', '2018-08-09 06:30:34', NULL),
(50, '064', 'LEMBAGA KETAHANAN NASIONAL', '2018-08-09 05:53:04', '2018-08-09 06:30:34', NULL),
(51, '065', 'BADAN KOORDINASI PENANAMAN MODAL', '2018-08-09 05:53:04', '2018-08-09 06:30:34', NULL),
(52, '066', 'BADAN NARKOTIKA NASIONAL', '2018-08-09 05:53:04', '2018-08-09 06:30:34', NULL),
(53, '067', 'KEMENTERIAN  NEGARA PEMBANGUNAN DAERAH TERTINGGAL', '2018-08-09 05:53:04', '2018-08-09 06:30:34', NULL),
(54, '068', 'BADAN KOORDINASI KELUARGA BERENCANA NASIONAL', '2018-08-09 05:53:04', '2018-08-09 06:30:34', NULL),
(55, '069', 'BELANJA LAIN-LAIN', '2018-08-09 05:53:04', '2018-08-09 06:30:34', NULL),
(56, '070', 'DANA PERIMBANGAN', '2018-08-09 05:53:05', '2018-08-09 06:30:34', NULL),
(57, '071', 'DANA OTONOMI KHUSUS PENYEIMBANG', '2018-08-09 05:53:05', '2018-08-09 06:30:34', NULL),
(58, '074', 'KOMISI NASIONAL HAK ASASI MANUSIA', '2018-08-09 05:53:05', '2018-08-09 06:30:34', NULL),
(59, '075', 'BADAN METEOROLOGI DAN GEOFISIKA', '2018-08-09 05:53:05', '2018-08-09 06:30:34', NULL),
(60, '076', 'KOMISI PEMILIHAN UMUM', '2018-08-09 05:53:05', '2018-08-09 06:30:34', NULL),
(61, '077', 'MAHKAMAH KONSTITUSI RI', '2018-08-09 05:53:05', '2018-08-09 06:30:34', NULL),
(62, '078', 'PUSAT PELAPORAN DAN ANALISIS TRANSAKSI KEUANGAN', '2018-08-09 05:53:05', '2018-08-09 06:30:35', NULL),
(63, '079', 'LEMBAGA ILMU PENGETAHUAN INDONESIA', '2018-08-09 05:53:05', '2018-08-09 06:30:35', NULL),
(64, '080', 'BADAN TENAGA NUKLIR NASIONAL', '2018-08-09 05:53:05', '2018-08-09 06:30:35', NULL),
(65, '081', 'BADAN PENGKAJIAN DAN PENERAPAN TEKNOLOGI', '2018-08-09 05:53:05', '2018-08-09 06:30:35', NULL),
(66, '082', 'LEMBAGA PENERBANGAN DAN ANTARIKSA NASIONAL', '2018-08-09 05:53:05', '2018-08-09 06:30:35', NULL),
(67, '083', 'BADAN KOORDINASI SURVEY DAN PEMETAAN NASIONAL', '2018-08-09 05:53:05', '2018-08-09 06:30:35', NULL),
(68, '084', 'BADAN STANDARISASI NASIONAL', '2018-08-09 05:53:05', '2018-08-09 06:30:35', NULL),
(69, '085', 'BADAN PENGAWAS TENAGA NUKLIR', '2018-08-09 05:53:05', '2018-08-09 06:30:35', NULL),
(70, '086', 'LEMBAGA ADMINISTRASI NEGARA', '2018-08-09 05:53:05', '2018-08-09 06:30:35', NULL),
(71, '087', 'ARSIP NASIONAL REPUBLIK INDONESIA', '2018-08-09 05:53:05', '2018-08-09 06:30:35', NULL),
(72, '088', 'BADAN KEPEGAWAIAN NEGARA', '2018-08-09 05:53:06', '2018-08-09 06:30:35', NULL),
(73, '089', 'BADAN PENGAWASAN  KEUANGAN DAN PEMBANGUNAN', '2018-08-09 05:53:06', '2018-08-09 06:30:35', NULL),
(74, '090', 'DEPARTEMEN PERDAGANGAN', '2018-08-09 05:53:06', '2018-08-09 06:30:35', NULL),
(75, '091', 'KEMENTERIAN NEGARA PERUMAHAN RAKYAT', '2018-08-09 05:53:06', '2018-08-09 06:30:35', NULL),
(76, '092', 'KEMENTERIAN NEGARA PEMUDA DAN OLAH RAGA', '2018-08-09 05:53:06', '2018-08-09 06:30:35', NULL),
(77, '093', 'KOMISI PEMBERANTASAN KORUPSI', '2018-08-09 05:53:06', '2018-08-09 06:30:35', NULL),
(78, '094', 'BADAN  REHABILITASI DAN REKONSTRUKSI NAD - NIAS', '2018-08-09 05:53:06', '2018-08-09 06:30:35', NULL),
(79, '095', 'DEWAN PERWAKILAN DAERAH (DPD)', '2018-08-09 05:53:06', '2018-08-09 06:30:35', NULL),
(80, '096', 'PEMBAYARAN CICILAN POKOK HUTANG LUAR NEGERI', '2018-08-09 05:53:06', '2018-08-09 06:30:36', NULL),
(81, '097', 'PEMBAYARAN CICILAN POKOK HUTANG DALAM NEGERI', '2018-08-09 05:53:06', '2018-08-09 06:30:36', NULL),
(82, '098', 'PENERUSAN PINJAMAN', '2018-08-09 05:53:06', '2018-08-09 06:30:36', NULL),
(83, '099', 'PENYERTAAN MODAL NEGARA', '2018-08-09 05:53:06', '2018-08-09 06:30:36', NULL),
(84, '100', 'KOMISI YUDISIAL RI', '2018-08-09 05:53:06', '2018-08-09 06:30:36', NULL),
(85, '101', 'PENERUSAN PINJAMAN SEBAGAI HIBAH', '2018-08-09 05:53:06', '2018-08-09 06:30:36', NULL),
(86, '102', 'PENERUSAN  HIBAH', '2018-08-09 05:53:06', '2018-08-09 06:30:36', NULL),
(87, '103', 'BADAN KOORDINASI NASIONAL PENANGANAN BENCANA', '2018-08-09 05:53:06', '2018-08-09 06:30:36', NULL);

-- --------------------------------------------------------

--
-- Table structure for table `gapok`
--

CREATE TABLE `gapok` (
  `id` int(10) UNSIGNED NOT NULL,
  `kdkelgapok` varchar(191) COLLATE utf8mb4_unicode_ci NOT NULL,
  `kdgapok` varchar(191) COLLATE utf8mb4_unicode_ci NOT NULL,
  `gapok` varchar(191) COLLATE utf8mb4_unicode_ci NOT NULL,
  `created_at` timestamp NULL DEFAULT NULL,
  `updated_at` timestamp NULL DEFAULT NULL,
  `deleted_at` timestamp NULL DEFAULT NULL
) ENGINE=InnoDB DEFAULT CHARSET=utf8mb4 COLLATE=utf8mb4_unicode_ci;

--
-- Dumping data for table `gapok`
--

INSERT INTO `gapok` (`id`, `kdkelgapok`, `kdgapok`, `gapok`, `created_at`, `updated_at`, `deleted_at`) VALUES
(1, 'KG1', 'G1', '1000000', NULL, NULL, NULL),
(2, 'KG2', 'G2', '2000000', NULL, NULL, NULL),
(3, '1A', '00', '1095000', '2018-08-09 05:52:15', '2018-08-09 05:52:15', NULL),
(4, '1A', '01', '1095000', '2018-08-09 05:52:15', '2018-08-09 05:52:15', NULL),
(5, '1A', '02', '1121900', '2018-08-09 05:52:15', '2018-08-09 05:52:15', NULL),
(6, '1A', '03', '1121900', '2018-08-09 05:52:15', '2018-08-09 05:52:15', NULL),
(7, '1A', '04', '1149400', '2018-08-09 05:52:16', '2018-08-09 05:52:16', NULL),
(8, '1A', '05', '1149400', '2018-08-09 05:52:16', '2018-08-09 05:52:16', NULL),
(9, '1A', '06', '1177700', '2018-08-09 05:52:16', '2018-08-09 05:52:16', NULL),
(10, '1A', '07', '1177700', '2018-08-09 05:52:16', '2018-08-09 05:52:16', NULL),
(11, '1A', '08', '1206600', '2018-08-09 05:52:16', '2018-08-09 05:52:16', NULL),
(12, '1A', '09', '1206600', '2018-08-09 05:52:16', '2018-08-09 05:52:16', NULL),
(13, '1A', '10', '1236200', '2018-08-09 05:52:16', '2018-08-09 05:52:16', NULL),
(14, '1A', '11', '1236200', '2018-08-09 05:52:16', '2018-08-09 05:52:16', NULL),
(15, '1A', '12', '1266600', '2018-08-09 05:52:16', '2018-08-09 05:52:16', NULL),
(16, '1A', '13', '1266600', '2018-08-09 05:52:16', '2018-08-09 05:52:16', NULL),
(17, '1A', '14', '1297700', '2018-08-09 05:52:16', '2018-08-09 05:52:16', NULL),
(18, '1A', '15', '1297700', '2018-08-09 05:52:17', '2018-08-09 05:52:17', NULL),
(19, '1A', '16', '1329500', '2018-08-09 05:52:17', '2018-08-09 05:52:17', NULL),
(20, '1A', '17', '1329500', '2018-08-09 05:52:17', '2018-08-09 05:52:17', NULL),
(21, '1A', '18', '1362200', '2018-08-09 05:52:17', '2018-08-09 05:52:17', NULL),
(22, '1A', '19', '1362200', '2018-08-09 05:52:17', '2018-08-09 05:52:17', NULL),
(23, '1A', '20', '1395600', '2018-08-09 05:52:17', '2018-08-09 05:52:17', NULL),
(24, '1A', '21', '1395600', '2018-08-09 05:52:17', '2018-08-09 05:52:17', NULL),
(25, '1A', '22', '1429900', '2018-08-09 05:52:17', '2018-08-09 05:52:17', NULL),
(26, '1A', '23', '1429900', '2018-08-09 05:52:17', '2018-08-09 05:52:17', NULL),
(27, '1A', '24', '1465000', '2018-08-09 05:52:17', '2018-08-09 05:52:17', NULL),
(28, '1A', '25', '1465000', '2018-08-09 05:52:17', '2018-08-09 05:52:17', NULL),
(29, '1A', '26', '1500900', '2018-08-09 05:52:17', '2018-08-09 05:52:17', NULL),
(30, '1A', '27', '1500900', '2018-08-09 05:52:17', '2018-08-09 05:52:17', NULL),
(31, '1B', '03', '1183700', '2018-08-09 05:52:17', '2018-08-09 05:52:17', NULL),
(32, '1B', '04', '1183700', '2018-08-09 05:52:18', '2018-08-09 05:52:18', NULL),
(33, '1B', '05', '1212800', '2018-08-09 05:52:18', '2018-08-09 05:52:18', NULL),
(34, '1B', '06', '1212800', '2018-08-09 05:52:18', '2018-08-09 05:52:18', NULL),
(35, '1B', '07', '1242600', '2018-08-09 05:52:18', '2018-08-09 05:52:18', NULL),
(36, '1B', '08', '1242600', '2018-08-09 05:52:18', '2018-08-09 05:52:18', NULL),
(37, '1B', '09', '1273100', '2018-08-09 05:52:18', '2018-08-09 05:52:18', NULL),
(38, '1B', '10', '1273100', '2018-08-09 05:52:18', '2018-08-09 05:52:18', NULL),
(39, '1B', '11', '1304300', '2018-08-09 05:52:18', '2018-08-09 05:52:18', NULL),
(40, '1B', '12', '1304300', '2018-08-09 05:52:18', '2018-08-09 05:52:18', NULL),
(41, '1B', '13', '1336300', '2018-08-09 05:52:18', '2018-08-09 05:52:18', NULL),
(42, '1B', '14', '1336300', '2018-08-09 05:52:18', '2018-08-09 05:52:18', NULL),
(43, '1B', '15', '1369100', '2018-08-09 05:52:18', '2018-08-09 05:52:18', NULL),
(44, '1B', '16', '1369100', '2018-08-09 05:52:18', '2018-08-09 05:52:18', NULL),
(45, '1B', '17', '1402800', '2018-08-09 05:52:18', '2018-08-09 05:52:18', NULL),
(46, '1B', '18', '1402800', '2018-08-09 05:52:19', '2018-08-09 05:52:19', NULL),
(47, '1B', '19', '1437200', '2018-08-09 05:52:19', '2018-08-09 05:52:19', NULL),
(48, '1B', '20', '1437200', '2018-08-09 05:52:19', '2018-08-09 05:52:19', NULL),
(49, '1B', '21', '1472500', '2018-08-09 05:52:19', '2018-08-09 05:52:19', NULL),
(50, '1B', '22', '1472500', '2018-08-09 05:52:19', '2018-08-09 05:52:19', NULL),
(51, '1B', '23', '1508600', '2018-08-09 05:52:19', '2018-08-09 05:52:19', NULL),
(52, '1B', '24', '1508600', '2018-08-09 05:52:19', '2018-08-09 05:52:19', NULL),
(53, '1B', '25', '1545700', '2018-08-09 05:52:19', '2018-08-09 05:52:19', NULL),
(54, '1B', '26', '1545700', '2018-08-09 05:52:19', '2018-08-09 05:52:19', NULL),
(55, '1B', '27', '1583600', '2018-08-09 05:52:19', '2018-08-09 05:52:19', NULL),
(56, '1C', '03', '1233800', '2018-08-09 05:52:19', '2018-08-09 05:52:19', NULL),
(57, '1C', '04', '1233800', '2018-08-09 05:52:19', '2018-08-09 05:52:19', NULL),
(58, '1C', '05', '1264100', '2018-08-09 05:52:19', '2018-08-09 05:52:19', NULL),
(59, '1C', '06', '1264100', '2018-08-09 05:52:19', '2018-08-09 05:52:19', NULL),
(60, '1C', '07', '1295100', '2018-08-09 05:52:19', '2018-08-09 05:52:19', NULL),
(61, '1C', '08', '1295100', '2018-08-09 05:52:20', '2018-08-09 05:52:20', NULL),
(62, '1C', '09', '1326900', '2018-08-09 05:52:20', '2018-08-09 05:52:20', NULL),
(63, '1C', '10', '1326900', '2018-08-09 05:52:20', '2018-08-09 05:52:20', NULL),
(64, '1C', '11', '1359500', '2018-08-09 05:52:20', '2018-08-09 05:52:20', NULL),
(65, '1C', '12', '1359500', '2018-08-09 05:52:20', '2018-08-09 05:52:20', NULL),
(66, '1C', '13', '1392900', '2018-08-09 05:52:20', '2018-08-09 05:52:20', NULL),
(67, '1C', '14', '1392900', '2018-08-09 05:52:20', '2018-08-09 05:52:20', NULL),
(68, '1C', '15', '1427100', '2018-08-09 05:52:20', '2018-08-09 05:52:20', NULL),
(69, '1C', '16', '1427100', '2018-08-09 05:52:20', '2018-08-09 05:52:20', NULL),
(70, '1C', '17', '1462100', '2018-08-09 05:52:20', '2018-08-09 05:52:20', NULL),
(71, '1C', '18', '1462100', '2018-08-09 05:52:20', '2018-08-09 05:52:20', NULL),
(72, '1C', '19', '1498000', '2018-08-09 05:52:20', '2018-08-09 05:52:20', NULL),
(73, '1C', '20', '1498000', '2018-08-09 05:52:20', '2018-08-09 05:52:20', NULL),
(74, '1C', '21', '1534800', '2018-08-09 05:52:20', '2018-08-09 05:52:20', NULL),
(75, '1C', '22', '1534800', '2018-08-09 05:52:20', '2018-08-09 05:52:20', NULL),
(76, '1C', '23', '1572500', '2018-08-09 05:52:20', '2018-08-09 05:52:20', NULL),
(77, '1C', '24', '1572500', '2018-08-09 05:52:21', '2018-08-09 05:52:21', NULL),
(78, '1C', '25', '1611100', '2018-08-09 05:52:21', '2018-08-09 05:52:21', NULL),
(79, '1C', '26', '1611100', '2018-08-09 05:52:21', '2018-08-09 05:52:21', NULL),
(80, '1C', '27', '1650600', '2018-08-09 05:52:21', '2018-08-09 05:52:21', NULL),
(81, '1D', '03', '1286000', '2018-08-09 05:52:21', '2018-08-09 05:52:21', NULL),
(82, '1D', '04', '1286000', '2018-08-09 05:52:21', '2018-08-09 05:52:21', NULL),
(83, '1D', '05', '1317500', '2018-08-09 05:52:21', '2018-08-09 05:52:21', NULL),
(84, '1D', '06', '1317500', '2018-08-09 05:52:21', '2018-08-09 05:52:21', NULL),
(85, '1D', '07', '1349900', '2018-08-09 05:52:21', '2018-08-09 05:52:21', NULL),
(86, '1D', '08', '1349900', '2018-08-09 05:52:21', '2018-08-09 05:52:21', NULL),
(87, '1D', '09', '1383000', '2018-08-09 05:52:21', '2018-08-09 05:52:21', NULL),
(88, '1D', '10', '1383000', '2018-08-09 05:52:21', '2018-08-09 05:52:21', NULL),
(89, '1D', '11', '1417000', '2018-08-09 05:52:21', '2018-08-09 05:52:21', NULL),
(90, '1D', '12', '1417000', '2018-08-09 05:52:21', '2018-08-09 05:52:21', NULL),
(91, '1D', '13', '1451800', '2018-08-09 05:52:21', '2018-08-09 05:52:21', NULL),
(92, '1D', '14', '1451800', '2018-08-09 05:52:22', '2018-08-09 05:52:22', NULL),
(93, '1D', '15', '1487400', '2018-08-09 05:52:22', '2018-08-09 05:52:22', NULL),
(94, '1D', '16', '1487400', '2018-08-09 05:52:22', '2018-08-09 05:52:22', NULL),
(95, '1D', '17', '1523900', '2018-08-09 05:52:22', '2018-08-09 05:52:22', NULL),
(96, '1D', '18', '1523900', '2018-08-09 05:52:22', '2018-08-09 05:52:22', NULL),
(97, '1D', '19', '1561400', '2018-08-09 05:52:22', '2018-08-09 05:52:22', NULL),
(98, '1D', '20', '1561400', '2018-08-09 05:52:22', '2018-08-09 05:52:22', NULL),
(99, '1D', '21', '1599700', '2018-08-09 05:52:22', '2018-08-09 05:52:22', NULL),
(100, '1D', '22', '1599700', '2018-08-09 05:52:22', '2018-08-09 05:52:22', NULL),
(101, '1D', '23', '1639000', '2018-08-09 05:52:22', '2018-08-09 05:52:22', NULL),
(102, '1D', '24', '1639000', '2018-08-09 05:52:22', '2018-08-09 05:52:22', NULL),
(103, '1D', '25', '1679200', '2018-08-09 05:52:22', '2018-08-09 05:52:22', NULL),
(104, '1D', '26', '1679200', '2018-08-09 05:52:22', '2018-08-09 05:52:22', NULL),
(105, '1D', '27', '1720400', '2018-08-09 05:52:22', '2018-08-09 05:52:22', NULL),
(106, '2A', '00', '1390100', '2018-08-09 05:52:22', '2018-08-09 05:52:22', NULL),
(107, '2A', '01', '1407200', '2018-08-09 05:52:22', '2018-08-09 05:52:22', NULL),
(108, '2A', '02', '1407200', '2018-08-09 05:52:22', '2018-08-09 05:52:22', NULL),
(109, '2A', '03', '1441800', '2018-08-09 05:52:22', '2018-08-09 05:52:22', NULL),
(110, '2A', '04', '1441800', '2018-08-09 05:52:22', '2018-08-09 05:52:22', NULL),
(111, '2A', '05', '1477100', '2018-08-09 05:52:22', '2018-08-09 05:52:22', NULL),
(112, '2A', '06', '1477100', '2018-08-09 05:52:22', '2018-08-09 05:52:22', NULL),
(113, '2A', '07', '1513400', '2018-08-09 05:52:22', '2018-08-09 05:52:22', NULL),
(114, '2A', '08', '1513400', '2018-08-09 05:52:23', '2018-08-09 05:52:23', NULL),
(115, '2A', '09', '1550600', '2018-08-09 05:52:23', '2018-08-09 05:52:23', NULL),
(116, '2A', '10', '1550600', '2018-08-09 05:52:23', '2018-08-09 05:52:23', NULL),
(117, '2A', '11', '1588600', '2018-08-09 05:52:23', '2018-08-09 05:52:23', NULL),
(118, '2A', '12', '1588600', '2018-08-09 05:52:23', '2018-08-09 05:52:23', NULL),
(119, '2A', '13', '1627600', '2018-08-09 05:52:23', '2018-08-09 05:52:23', NULL),
(120, '2A', '14', '1627600', '2018-08-09 05:52:23', '2018-08-09 05:52:23', NULL),
(121, '2A', '15', '1667600', '2018-08-09 05:52:23', '2018-08-09 05:52:23', NULL),
(122, '2A', '16', '1667600', '2018-08-09 05:52:23', '2018-08-09 05:52:23', NULL),
(123, '2A', '17', '1708600', '2018-08-09 05:52:23', '2018-08-09 05:52:23', NULL),
(124, '2A', '18', '1708600', '2018-08-09 05:52:23', '2018-08-09 05:52:23', NULL),
(125, '2A', '19', '1750500', '2018-08-09 05:52:23', '2018-08-09 05:52:23', NULL),
(126, '2A', '20', '1750500', '2018-08-09 05:52:23', '2018-08-09 05:52:23', NULL),
(127, '2A', '21', '1793500', '2018-08-09 05:52:23', '2018-08-09 05:52:23', NULL),
(128, '2A', '22', '1793500', '2018-08-09 05:52:23', '2018-08-09 05:52:23', NULL),
(129, '2A', '23', '1837500', '2018-08-09 05:52:23', '2018-08-09 05:52:23', NULL),
(130, '2A', '24', '1837500', '2018-08-09 05:52:23', '2018-08-09 05:52:23', NULL),
(131, '2A', '25', '1882600', '2018-08-09 05:52:23', '2018-08-09 05:52:23', NULL),
(132, '2A', '26', '1882600', '2018-08-09 05:52:23', '2018-08-09 05:52:23', NULL),
(133, '2A', '27', '1928800', '2018-08-09 05:52:23', '2018-08-09 05:52:23', NULL),
(134, '2A', '30', '1976200', '2018-08-09 05:52:23', '2018-08-09 05:52:23', NULL),
(135, '2A', '31', '2024700', '2018-08-09 05:52:23', '2018-08-09 05:52:23', NULL),
(136, '2A', '32', '2024700', '2018-08-09 05:52:23', '2018-08-09 05:52:23', NULL),
(137, '2A', '33', '2074400', '2018-08-09 05:52:23', '2018-08-09 05:52:23', NULL),
(138, '2B', '03', '1502700', '2018-08-09 05:52:23', '2018-08-09 05:52:23', NULL),
(139, '2B', '04', '1502700', '2018-08-09 05:52:24', '2018-08-09 05:52:24', NULL),
(140, '2B', '05', '1539600', '2018-08-09 05:52:24', '2018-08-09 05:52:24', NULL),
(141, '2B', '06', '1539600', '2018-08-09 05:52:24', '2018-08-09 05:52:24', NULL),
(142, '2B', '07', '1577400', '2018-08-09 05:52:24', '2018-08-09 05:52:24', NULL),
(143, '2B', '08', '1577400', '2018-08-09 05:52:24', '2018-08-09 05:52:24', NULL),
(144, '2B', '09', '1616200', '2018-08-09 05:52:24', '2018-08-09 05:52:24', NULL),
(145, '2B', '10', '1616200', '2018-08-09 05:52:24', '2018-08-09 05:52:24', NULL),
(146, '2B', '11', '1655800', '2018-08-09 05:52:24', '2018-08-09 05:52:24', NULL),
(147, '2B', '12', '1655800', '2018-08-09 05:52:24', '2018-08-09 05:52:24', NULL),
(148, '2B', '13', '1696500', '2018-08-09 05:52:24', '2018-08-09 05:52:24', NULL),
(149, '2B', '14', '1696500', '2018-08-09 05:52:24', '2018-08-09 05:52:24', NULL),
(150, '2B', '15', '1738100', '2018-08-09 05:52:24', '2018-08-09 05:52:24', NULL),
(151, '2B', '16', '1738100', '2018-08-09 05:52:24', '2018-08-09 05:52:24', NULL),
(152, '2B', '17', '1780800', '2018-08-09 05:52:24', '2018-08-09 05:52:24', NULL),
(153, '2B', '18', '1780800', '2018-08-09 05:52:24', '2018-08-09 05:52:24', NULL),
(154, '2B', '19', '1824500', '2018-08-09 05:52:24', '2018-08-09 05:52:24', NULL),
(155, '2B', '20', '1824500', '2018-08-09 05:52:24', '2018-08-09 05:52:24', NULL),
(156, '2B', '21', '1869300', '2018-08-09 05:52:24', '2018-08-09 05:52:24', NULL),
(157, '2B', '22', '1869300', '2018-08-09 05:52:24', '2018-08-09 05:52:24', NULL),
(158, '2B', '23', '1915200', '2018-08-09 05:52:24', '2018-08-09 05:52:24', NULL),
(159, '2B', '24', '1915200', '2018-08-09 05:52:24', '2018-08-09 05:52:24', NULL),
(160, '2B', '25', '1962300', '2018-08-09 05:52:24', '2018-08-09 05:52:24', NULL),
(161, '2B', '26', '1962300', '2018-08-09 05:52:24', '2018-08-09 05:52:24', NULL),
(162, '2B', '27', '2010400', '2018-08-09 05:52:24', '2018-08-09 05:52:24', NULL),
(163, '2B', '28', '2010400', '2018-08-09 05:52:24', '2018-08-09 05:52:24', NULL),
(164, '2B', '29', '2059800', '2018-08-09 05:52:24', '2018-08-09 05:52:24', NULL),
(165, '2B', '30', '2059800', '2018-08-09 05:52:24', '2018-08-09 05:52:24', NULL),
(166, '2B', '31', '2110400', '2018-08-09 05:52:25', '2018-08-09 05:52:25', NULL),
(167, '2B', '32', '2110400', '2018-08-09 05:52:25', '2018-08-09 05:52:25', NULL),
(168, '2B', '33', '2162200', '2018-08-09 05:52:25', '2018-08-09 05:52:25', NULL),
(169, '2C', '03', '1566300', '2018-08-09 05:52:25', '2018-08-09 05:52:25', NULL),
(170, '2C', '04', '1566300', '2018-08-09 05:52:25', '2018-08-09 05:52:25', NULL),
(171, '2C', '05', '1604800', '2018-08-09 05:52:25', '2018-08-09 05:52:25', NULL),
(172, '2C', '06', '1604800', '2018-08-09 05:52:25', '2018-08-09 05:52:25', NULL),
(173, '2C', '07', '1644200', '2018-08-09 05:52:25', '2018-08-09 05:52:25', NULL),
(174, '2C', '08', '1644200', '2018-08-09 05:52:25', '2018-08-09 05:52:25', NULL),
(175, '2C', '09', '1684500', '2018-08-09 05:52:25', '2018-08-09 05:52:25', NULL),
(176, '2C', '10', '1684500', '2018-08-09 05:52:25', '2018-08-09 05:52:25', NULL),
(177, '2C', '11', '1725900', '2018-08-09 05:52:25', '2018-08-09 05:52:25', NULL),
(178, '2C', '12', '1725900', '2018-08-09 05:52:25', '2018-08-09 05:52:25', NULL),
(179, '2C', '13', '1768300', '2018-08-09 05:52:25', '2018-08-09 05:52:25', NULL),
(180, '2C', '14', '1768300', '2018-08-09 05:52:25', '2018-08-09 05:52:25', NULL),
(181, '2C', '15', '1811700', '2018-08-09 05:52:25', '2018-08-09 05:52:25', NULL),
(182, '2C', '16', '1811700', '2018-08-09 05:52:25', '2018-08-09 05:52:25', NULL),
(183, '2C', '17', '1856200', '2018-08-09 05:52:25', '2018-08-09 05:52:25', NULL),
(184, '2C', '18', '1856200', '2018-08-09 05:52:25', '2018-08-09 05:52:25', NULL),
(185, '2C', '19', '1901700', '2018-08-09 05:52:25', '2018-08-09 05:52:25', NULL),
(186, '2C', '20', '1901700', '2018-08-09 05:52:25', '2018-08-09 05:52:25', NULL),
(187, '2C', '21', '1948400', '2018-08-09 05:52:25', '2018-08-09 05:52:25', NULL),
(188, '2C', '22', '1948400', '2018-08-09 05:52:25', '2018-08-09 05:52:25', NULL),
(189, '2C', '23', '1996300', '2018-08-09 05:52:26', '2018-08-09 05:52:26', NULL),
(190, '2C', '24', '1996300', '2018-08-09 05:52:26', '2018-08-09 05:52:26', NULL),
(191, '2C', '25', '2045300', '2018-08-09 05:52:26', '2018-08-09 05:52:26', NULL),
(192, '2C', '26', '2045300', '2018-08-09 05:52:26', '2018-08-09 05:52:26', NULL),
(193, '2C', '27', '2095500', '2018-08-09 05:52:26', '2018-08-09 05:52:26', NULL),
(194, '2C', '28', '2095500', '2018-08-09 05:52:26', '2018-08-09 05:52:26', NULL),
(195, '2C', '29', '2146900', '2018-08-09 05:52:26', '2018-08-09 05:52:26', NULL),
(196, '2C', '30', '2146900', '2018-08-09 05:52:26', '2018-08-09 05:52:26', NULL),
(197, '2C', '31', '2199600', '2018-08-09 05:52:26', '2018-08-09 05:52:26', NULL),
(198, '2C', '32', '2199600', '2018-08-09 05:52:26', '2018-08-09 05:52:26', NULL),
(199, '2C', '33', '2253600', '2018-08-09 05:52:26', '2018-08-09 05:52:26', NULL),
(200, '2D', '03', '1632600', '2018-08-09 05:52:26', '2018-08-09 05:52:26', NULL),
(201, '2D', '04', '1632600', '2018-08-09 05:52:26', '2018-08-09 05:52:26', NULL),
(202, '2D', '05', '1672600', '2018-08-09 05:52:26', '2018-08-09 05:52:26', NULL),
(203, '2D', '06', '1672600', '2018-08-09 05:52:26', '2018-08-09 05:52:26', NULL),
(204, '2D', '07', '1713700', '2018-08-09 05:52:26', '2018-08-09 05:52:26', NULL),
(205, '2D', '08', '1713700', '2018-08-09 05:52:26', '2018-08-09 05:52:26', NULL),
(206, '2D', '09', '1755800', '2018-08-09 05:52:26', '2018-08-09 05:52:26', NULL),
(207, '2D', '10', '1755800', '2018-08-09 05:52:27', '2018-08-09 05:52:27', NULL),
(208, '2D', '11', '1798900', '2018-08-09 05:52:27', '2018-08-09 05:52:27', NULL),
(209, '2D', '12', '1798900', '2018-08-09 05:52:27', '2018-08-09 05:52:27', NULL),
(210, '2D', '13', '1843100', '2018-08-09 05:52:27', '2018-08-09 05:52:27', NULL),
(211, '2D', '14', '1843100', '2018-08-09 05:52:27', '2018-08-09 05:52:27', NULL),
(212, '2D', '15', '1888300', '2018-08-09 05:52:27', '2018-08-09 05:52:27', NULL),
(213, '2D', '16', '1888300', '2018-08-09 05:52:27', '2018-08-09 05:52:27', NULL),
(214, '2D', '17', '1934700', '2018-08-09 05:52:27', '2018-08-09 05:52:27', NULL),
(215, '2D', '18', '1934700', '2018-08-09 05:52:27', '2018-08-09 05:52:27', NULL),
(216, '2D', '19', '1982200', '2018-08-09 05:52:27', '2018-08-09 05:52:27', NULL),
(217, '2D', '20', '1982200', '2018-08-09 05:52:27', '2018-08-09 05:52:27', NULL),
(218, '2D', '21', '2030800', '2018-08-09 05:52:27', '2018-08-09 05:52:27', NULL),
(219, '2D', '22', '2030800', '2018-08-09 05:52:27', '2018-08-09 05:52:27', NULL),
(220, '2D', '23', '2080700', '2018-08-09 05:52:27', '2018-08-09 05:52:27', NULL),
(221, '2D', '24', '2080700', '2018-08-09 05:52:27', '2018-08-09 05:52:27', NULL),
(222, '2D', '25', '2131800', '2018-08-09 05:52:27', '2018-08-09 05:52:27', NULL),
(223, '2D', '26', '2131800', '2018-08-09 05:52:27', '2018-08-09 05:52:27', NULL),
(224, '2D', '27', '2184100', '2018-08-09 05:52:27', '2018-08-09 05:52:27', NULL),
(225, '2D', '28', '2184100', '2018-08-09 05:52:27', '2018-08-09 05:52:27', NULL),
(226, '2D', '29', '2237700', '2018-08-09 05:52:27', '2018-08-09 05:52:27', NULL),
(227, '2D', '30', '2237700', '2018-08-09 05:52:27', '2018-08-09 05:52:27', NULL),
(228, '2D', '31', '2292700', '2018-08-09 05:52:27', '2018-08-09 05:52:27', NULL),
(229, '2D', '32', '2292700', '2018-08-09 05:52:28', '2018-08-09 05:52:28', NULL),
(230, '2D', '33', '2349000', '2018-08-09 05:52:28', '2018-08-09 05:52:28', NULL),
(231, '3A', '00', '1743400', '2018-08-09 05:52:28', '2018-08-09 05:52:28', NULL),
(232, '3A', '01', '1743400', '2018-08-09 05:52:28', '2018-08-09 05:52:28', NULL),
(233, '3A', '02', '1786200', '2018-08-09 05:52:28', '2018-08-09 05:52:28', NULL),
(234, '3A', '03', '1786200', '2018-08-09 05:52:28', '2018-08-09 05:52:28', NULL),
(235, '3A', '04', '1830100', '2018-08-09 05:52:28', '2018-08-09 05:52:28', NULL),
(236, '3A', '05', '1830100', '2018-08-09 05:52:28', '2018-08-09 05:52:28', NULL),
(237, '3A', '06', '1875000', '2018-08-09 05:52:28', '2018-08-09 05:52:28', NULL),
(238, '3A', '07', '1875000', '2018-08-09 05:52:28', '2018-08-09 05:52:28', NULL),
(239, '3A', '08', '1921000', '2018-08-09 05:52:28', '2018-08-09 05:52:28', NULL),
(240, '3A', '09', '1921000', '2018-08-09 05:52:28', '2018-08-09 05:52:28', NULL),
(241, '3A', '10', '1968200', '2018-08-09 05:52:28', '2018-08-09 05:52:28', NULL),
(242, '3A', '11', '1968200', '2018-08-09 05:52:28', '2018-08-09 05:52:28', NULL),
(243, '3A', '12', '2016500', '2018-08-09 05:52:28', '2018-08-09 05:52:28', NULL),
(244, '3A', '13', '2016500', '2018-08-09 05:52:28', '2018-08-09 05:52:28', NULL),
(245, '3A', '14', '2066000', '2018-08-09 05:52:28', '2018-08-09 05:52:28', NULL),
(246, '3A', '15', '2066000', '2018-08-09 05:52:28', '2018-08-09 05:52:28', NULL),
(247, '3A', '16', '2116700', '2018-08-09 05:52:28', '2018-08-09 05:52:28', NULL),
(248, '3A', '17', '2116700', '2018-08-09 05:52:28', '2018-08-09 05:52:28', NULL),
(249, '3A', '18', '2168700', '2018-08-09 05:52:28', '2018-08-09 05:52:28', NULL),
(250, '3A', '19', '2168700', '2018-08-09 05:52:28', '2018-08-09 05:52:28', NULL),
(251, '3A', '20', '2222000', '2018-08-09 05:52:28', '2018-08-09 05:52:28', NULL),
(252, '3A', '21', '2222000', '2018-08-09 05:52:28', '2018-08-09 05:52:28', NULL),
(253, '3A', '22', '2276500', '2018-08-09 05:52:28', '2018-08-09 05:52:28', NULL),
(254, '3A', '23', '2276500', '2018-08-09 05:52:29', '2018-08-09 05:52:29', NULL),
(255, '3A', '24', '2332400', '2018-08-09 05:52:29', '2018-08-09 05:52:29', NULL),
(256, '3A', '25', '2332400', '2018-08-09 05:52:29', '2018-08-09 05:52:29', NULL),
(257, '3A', '26', '2389700', '2018-08-09 05:52:29', '2018-08-09 05:52:29', NULL),
(258, '3A', '27', '2389700', '2018-08-09 05:52:29', '2018-08-09 05:52:29', NULL),
(259, '3A', '28', '2448300', '2018-08-09 05:52:29', '2018-08-09 05:52:29', NULL),
(260, '3A', '29', '2448300', '2018-08-09 05:52:29', '2018-08-09 05:52:29', NULL),
(261, '3A', '30', '2508400', '2018-08-09 05:52:29', '2018-08-09 05:52:29', NULL),
(262, '3A', '31', '2508400', '2018-08-09 05:52:29', '2018-08-09 05:52:29', NULL),
(263, '3A', '32', '2570000', '2018-08-09 05:52:29', '2018-08-09 05:52:29', NULL),
(264, '3B', '00', '1817100', '2018-08-09 05:52:29', '2018-08-09 05:52:29', NULL),
(265, '3B', '01', '1817100', '2018-08-09 05:52:29', '2018-08-09 05:52:29', NULL),
(266, '3B', '02', '1861800', '2018-08-09 05:52:29', '2018-08-09 05:52:29', NULL),
(267, '3B', '03', '1861800', '2018-08-09 05:52:29', '2018-08-09 05:52:29', NULL),
(268, '3B', '04', '1907500', '2018-08-09 05:52:29', '2018-08-09 05:52:29', NULL),
(269, '3B', '05', '1907500', '2018-08-09 05:52:29', '2018-08-09 05:52:29', NULL),
(270, '3B', '06', '1954300', '2018-08-09 05:52:29', '2018-08-09 05:52:29', NULL),
(271, '3B', '07', '1954300', '2018-08-09 05:52:29', '2018-08-09 05:52:29', NULL),
(272, '3B', '08', '2002300', '2018-08-09 05:52:29', '2018-08-09 05:52:29', NULL),
(273, '3B', '09', '2002300', '2018-08-09 05:52:29', '2018-08-09 05:52:29', NULL),
(274, '3B', '10', '2051400', '2018-08-09 05:52:29', '2018-08-09 05:52:29', NULL),
(275, '3B', '11', '2051400', '2018-08-09 05:52:29', '2018-08-09 05:52:29', NULL),
(276, '3B', '12', '2101800', '2018-08-09 05:52:29', '2018-08-09 05:52:29', NULL),
(277, '3B', '13', '2101800', '2018-08-09 05:52:29', '2018-08-09 05:52:29', NULL),
(278, '3B', '14', '2153400', '2018-08-09 05:52:29', '2018-08-09 05:52:29', NULL),
(279, '3B', '15', '2153400', '2018-08-09 05:52:29', '2018-08-09 05:52:29', NULL),
(280, '3B', '16', '2206300', '2018-08-09 05:52:29', '2018-08-09 05:52:29', NULL),
(281, '3B', '17', '2206300', '2018-08-09 05:52:30', '2018-08-09 05:52:30', NULL),
(282, '3B', '18', '2260400', '2018-08-09 05:52:30', '2018-08-09 05:52:30', NULL),
(283, '3B', '19', '2260400', '2018-08-09 05:52:30', '2018-08-09 05:52:30', NULL),
(284, '3B', '20', '2315900', '2018-08-09 05:52:30', '2018-08-09 05:52:30', NULL),
(285, '3B', '21', '2315900', '2018-08-09 05:52:30', '2018-08-09 05:52:30', NULL),
(286, '3B', '22', '2372800', '2018-08-09 05:52:30', '2018-08-09 05:52:30', NULL),
(287, '3B', '23', '2372800', '2018-08-09 05:52:30', '2018-08-09 05:52:30', NULL),
(288, '3B', '24', '2431100', '2018-08-09 05:52:30', '2018-08-09 05:52:30', NULL),
(289, '3B', '25', '2431100', '2018-08-09 05:52:30', '2018-08-09 05:52:30', NULL),
(290, '3B', '26', '2490700', '2018-08-09 05:52:30', '2018-08-09 05:52:30', NULL),
(291, '3B', '27', '2490700', '2018-08-09 05:52:30', '2018-08-09 05:52:30', NULL),
(292, '3B', '28', '2551900', '2018-08-09 05:52:30', '2018-08-09 05:52:30', NULL),
(293, '3B', '29', '2551900', '2018-08-09 05:52:30', '2018-08-09 05:52:30', NULL),
(294, '3B', '30', '2614600', '2018-08-09 05:52:30', '2018-08-09 05:52:30', NULL),
(295, '3B', '31', '2614600', '2018-08-09 05:52:30', '2018-08-09 05:52:30', NULL),
(296, '3B', '32', '2678700', '2018-08-09 05:52:30', '2018-08-09 05:52:30', NULL),
(297, '3C', '00', '1894000', '2018-08-09 05:52:30', '2018-08-09 05:52:30', NULL),
(298, '3C', '01', '1894000', '2018-08-09 05:52:30', '2018-08-09 05:52:30', NULL),
(299, '3C', '02', '1940500', '2018-08-09 05:52:30', '2018-08-09 05:52:30', NULL),
(300, '3C', '03', '1940500', '2018-08-09 05:52:30', '2018-08-09 05:52:30', NULL),
(301, '3C', '04', '1988100', '2018-08-09 05:52:30', '2018-08-09 05:52:30', NULL),
(302, '3C', '05', '1988100', '2018-08-09 05:52:30', '2018-08-09 05:52:30', NULL),
(303, '3C', '06', '2037000', '2018-08-09 05:52:30', '2018-08-09 05:52:30', NULL),
(304, '3C', '07', '2037000', '2018-08-09 05:52:30', '2018-08-09 05:52:30', NULL),
(305, '3C', '08', '2087000', '2018-08-09 05:52:30', '2018-08-09 05:52:30', NULL),
(306, '3C', '09', '2087000', '2018-08-09 05:52:30', '2018-08-09 05:52:30', NULL),
(307, '3C', '10', '2138200', '2018-08-09 05:52:31', '2018-08-09 05:52:31', NULL),
(308, '3C', '11', '2138200', '2018-08-09 05:52:31', '2018-08-09 05:52:31', NULL),
(309, '3C', '12', '2190700', '2018-08-09 05:52:31', '2018-08-09 05:52:31', NULL),
(310, '3C', '13', '2190700', '2018-08-09 05:52:31', '2018-08-09 05:52:31', NULL),
(311, '3C', '14', '2244500', '2018-08-09 05:52:31', '2018-08-09 05:52:31', NULL),
(312, '3C', '15', '2244500', '2018-08-09 05:52:31', '2018-08-09 05:52:31', NULL),
(313, '3C', '16', '2299600', '2018-08-09 05:52:31', '2018-08-09 05:52:31', NULL),
(314, '3C', '17', '2299600', '2018-08-09 05:52:31', '2018-08-09 05:52:31', NULL),
(315, '3C', '18', '2356100', '2018-08-09 05:52:31', '2018-08-09 05:52:31', NULL),
(316, '3C', '19', '2356100', '2018-08-09 05:52:31', '2018-08-09 05:52:31', NULL),
(317, '3C', '20', '2413900', '2018-08-09 05:52:31', '2018-08-09 05:52:31', NULL),
(318, '3C', '21', '2413900', '2018-08-09 05:52:31', '2018-08-09 05:52:31', NULL),
(319, '3C', '22', '2473200', '2018-08-09 05:52:31', '2018-08-09 05:52:31', NULL),
(320, '3C', '23', '2473200', '2018-08-09 05:52:31', '2018-08-09 05:52:31', NULL),
(321, '3C', '24', '2533900', '2018-08-09 05:52:31', '2018-08-09 05:52:31', NULL),
(322, '3C', '25', '2533900', '2018-08-09 05:52:31', '2018-08-09 05:52:31', NULL),
(323, '3C', '26', '2596100', '2018-08-09 05:52:31', '2018-08-09 05:52:31', NULL),
(324, '3C', '27', '2596100', '2018-08-09 05:52:31', '2018-08-09 05:52:31', NULL),
(325, '3C', '28', '2659800', '2018-08-09 05:52:31', '2018-08-09 05:52:31', NULL),
(326, '3C', '29', '2659800', '2018-08-09 05:52:31', '2018-08-09 05:52:31', NULL),
(327, '3C', '30', '2725200', '2018-08-09 05:52:31', '2018-08-09 05:52:31', NULL),
(328, '3C', '31', '2725200', '2018-08-09 05:52:31', '2018-08-09 05:52:31', NULL),
(329, '3C', '32', '2792100', '2018-08-09 05:52:31', '2018-08-09 05:52:31', NULL),
(330, '3D', '00', '1974100', '2018-08-09 05:52:32', '2018-08-09 05:52:32', NULL),
(331, '3D', '01', '1974100', '2018-08-09 05:52:32', '2018-08-09 05:52:32', NULL),
(332, '3D', '02', '2022600', '2018-08-09 05:52:32', '2018-08-09 05:52:32', NULL),
(333, '3D', '03', '2022600', '2018-08-09 05:52:32', '2018-08-09 05:52:32', NULL),
(334, '3D', '04', '2072200', '2018-08-09 05:52:32', '2018-08-09 05:52:32', NULL),
(335, '3D', '05', '2072200', '2018-08-09 05:52:32', '2018-08-09 05:52:32', NULL),
(336, '3D', '06', '2123100', '2018-08-09 05:52:32', '2018-08-09 05:52:32', NULL),
(337, '3D', '07', '2123100', '2018-08-09 05:52:32', '2018-08-09 05:52:32', NULL),
(338, '3D', '08', '2175300', '2018-08-09 05:52:32', '2018-08-09 05:52:32', NULL),
(339, '3D', '09', '2175300', '2018-08-09 05:52:32', '2018-08-09 05:52:32', NULL),
(340, '3D', '10', '2228700', '2018-08-09 05:52:32', '2018-08-09 05:52:32', NULL),
(341, '3D', '11', '2228700', '2018-08-09 05:52:32', '2018-08-09 05:52:32', NULL),
(342, '3D', '12', '2283400', '2018-08-09 05:52:32', '2018-08-09 05:52:32', NULL),
(343, '3D', '13', '2283400', '2018-08-09 05:52:32', '2018-08-09 05:52:32', NULL),
(344, '3D', '14', '2339400', '2018-08-09 05:52:32', '2018-08-09 05:52:32', NULL),
(345, '3D', '15', '2339400', '2018-08-09 05:52:32', '2018-08-09 05:52:32', NULL),
(346, '3D', '16', '2396900', '2018-08-09 05:52:32', '2018-08-09 05:52:32', NULL),
(347, '3D', '17', '2396900', '2018-08-09 05:52:32', '2018-08-09 05:52:32', NULL),
(348, '3D', '18', '2455700', '2018-08-09 05:52:32', '2018-08-09 05:52:32', NULL),
(349, '3D', '19', '2455700', '2018-08-09 05:52:32', '2018-08-09 05:52:32', NULL),
(350, '3D', '20', '2516000', '2018-08-09 05:52:32', '2018-08-09 05:52:32', NULL),
(351, '3D', '21', '2516000', '2018-08-09 05:52:33', '2018-08-09 05:52:33', NULL),
(352, '3D', '22', '2577800', '2018-08-09 05:52:33', '2018-08-09 05:52:33', NULL),
(353, '3D', '23', '2577800', '2018-08-09 05:52:33', '2018-08-09 05:52:33', NULL),
(354, '3D', '24', '2641100', '2018-08-09 05:52:33', '2018-08-09 05:52:33', NULL),
(355, '3D', '25', '2641100', '2018-08-09 05:52:33', '2018-08-09 05:52:33', NULL),
(356, '3D', '26', '2705900', '2018-08-09 05:52:33', '2018-08-09 05:52:33', NULL),
(357, '3D', '27', '2705900', '2018-08-09 05:52:33', '2018-08-09 05:52:33', NULL),
(358, '3D', '28', '2772400', '2018-08-09 05:52:33', '2018-08-09 05:52:33', NULL),
(359, '3D', '29', '2772400', '2018-08-09 05:52:33', '2018-08-09 05:52:33', NULL),
(360, '3D', '30', '2840400', '2018-08-09 05:52:34', '2018-08-09 05:52:34', NULL),
(361, '3D', '31', '2840400', '2018-08-09 05:52:34', '2018-08-09 05:52:34', NULL),
(362, '3D', '32', '2910200', '2018-08-09 05:52:34', '2018-08-09 05:52:34', NULL),
(363, '4A', '00', '2057600', '2018-08-09 05:52:34', '2018-08-09 05:52:34', NULL),
(364, '4A', '01', '2057600', '2018-08-09 05:52:34', '2018-08-09 05:52:34', NULL),
(365, '4A', '02', '2108100', '2018-08-09 05:52:34', '2018-08-09 05:52:34', NULL),
(366, '4A', '03', '2108100', '2018-08-09 05:52:34', '2018-08-09 05:52:34', NULL),
(367, '4A', '04', '2159900', '2018-08-09 05:52:34', '2018-08-09 05:52:34', NULL),
(368, '4A', '05', '2159900', '2018-08-09 05:52:34', '2018-08-09 05:52:34', NULL),
(369, '4A', '06', '2212900', '2018-08-09 05:52:34', '2018-08-09 05:52:34', NULL),
(370, '4A', '07', '2212900', '2018-08-09 05:52:34', '2018-08-09 05:52:34', NULL),
(371, '4A', '08', '2267300', '2018-08-09 05:52:34', '2018-08-09 05:52:34', NULL),
(372, '4A', '09', '2267300', '2018-08-09 05:52:34', '2018-08-09 05:52:34', NULL),
(373, '4A', '10', '2322900', '2018-08-09 05:52:35', '2018-08-09 05:52:35', NULL),
(374, '4A', '11', '2322900', '2018-08-09 05:52:35', '2018-08-09 05:52:35', NULL),
(375, '4A', '12', '2380000', '2018-08-09 05:52:35', '2018-08-09 05:52:35', NULL),
(376, '4A', '13', '2380000', '2018-08-09 05:52:35', '2018-08-09 05:52:35', NULL),
(377, '4A', '14', '2438400', '2018-08-09 05:52:35', '2018-08-09 05:52:35', NULL),
(378, '4A', '15', '2438400', '2018-08-09 05:52:35', '2018-08-09 05:52:35', NULL),
(379, '4A', '16', '2498300', '2018-08-09 05:52:35', '2018-08-09 05:52:35', NULL),
(380, '4A', '17', '2498300', '2018-08-09 05:52:35', '2018-08-09 05:52:35', NULL),
(381, '4A', '18', '2559600', '2018-08-09 05:52:35', '2018-08-09 05:52:35', NULL),
(382, '4A', '19', '2559600', '2018-08-09 05:52:35', '2018-08-09 05:52:35', NULL),
(383, '4A', '20', '2622400', '2018-08-09 05:52:35', '2018-08-09 05:52:35', NULL),
(384, '4A', '21', '2622400', '2018-08-09 05:52:35', '2018-08-09 05:52:35', NULL),
(385, '4A', '22', '2686800', '2018-08-09 05:52:35', '2018-08-09 05:52:35', NULL),
(386, '4A', '23', '2686800', '2018-08-09 05:52:35', '2018-08-09 05:52:35', NULL),
(387, '4A', '24', '2752800', '2018-08-09 05:52:35', '2018-08-09 05:52:35', NULL),
(388, '4A', '25', '2752800', '2018-08-09 05:52:35', '2018-08-09 05:52:35', NULL),
(389, '4A', '26', '2820400', '2018-08-09 05:52:35', '2018-08-09 05:52:35', NULL),
(390, '4A', '27', '2820400', '2018-08-09 05:52:35', '2018-08-09 05:52:35', NULL),
(391, '4A', '28', '2889600', '2018-08-09 05:52:35', '2018-08-09 05:52:35', NULL),
(392, '4A', '29', '2889600', '2018-08-09 05:52:35', '2018-08-09 05:52:35', NULL),
(393, '4A', '30', '2960600', '2018-08-09 05:52:35', '2018-08-09 05:52:35', NULL),
(394, '4A', '31', '2960600', '2018-08-09 05:52:35', '2018-08-09 05:52:35', NULL),
(395, '4A', '32', '3033300', '2018-08-09 05:52:35', '2018-08-09 05:52:35', NULL),
(396, '4B', '00', '2144700', '2018-08-09 05:52:35', '2018-08-09 05:52:35', NULL),
(397, '4B', '01', '2144700', '2018-08-09 05:52:36', '2018-08-09 05:52:36', NULL),
(398, '4B', '02', '2197300', '2018-08-09 05:52:36', '2018-08-09 05:52:36', NULL),
(399, '4B', '03', '2197300', '2018-08-09 05:52:36', '2018-08-09 05:52:36', NULL),
(400, '4B', '04', '2251300', '2018-08-09 05:52:36', '2018-08-09 05:52:36', NULL),
(401, '4B', '05', '2251300', '2018-08-09 05:52:36', '2018-08-09 05:52:36', NULL),
(402, '4B', '06', '2306500', '2018-08-09 05:52:36', '2018-08-09 05:52:36', NULL),
(403, '4B', '07', '2306500', '2018-08-09 05:52:36', '2018-08-09 05:52:36', NULL),
(404, '4B', '08', '2363200', '2018-08-09 05:52:36', '2018-08-09 05:52:36', NULL),
(405, '4B', '09', '2363200', '2018-08-09 05:52:36', '2018-08-09 05:52:36', NULL),
(406, '4B', '10', '2421200', '2018-08-09 05:52:36', '2018-08-09 05:52:36', NULL),
(407, '4B', '11', '2421200', '2018-08-09 05:52:36', '2018-08-09 05:52:36', NULL),
(408, '4B', '12', '2480600', '2018-08-09 05:52:36', '2018-08-09 05:52:36', NULL),
(409, '4B', '14', '2541500', '2018-08-09 05:52:36', '2018-08-09 05:52:36', NULL),
(410, '4B', '15', '2541500', '2018-08-09 05:52:36', '2018-08-09 05:52:36', NULL),
(411, '4B', '16', '2603900', '2018-08-09 05:52:36', '2018-08-09 05:52:36', NULL),
(412, '4B', '17', '2603900', '2018-08-09 05:52:36', '2018-08-09 05:52:36', NULL),
(413, '4B', '18', '2667900', '2018-08-09 05:52:36', '2018-08-09 05:52:36', NULL),
(414, '4B', '19', '2667900', '2018-08-09 05:52:36', '2018-08-09 05:52:36', NULL),
(415, '4B', '20', '2733400', '2018-08-09 05:52:36', '2018-08-09 05:52:36', NULL),
(416, '4B', '21', '2733400', '2018-08-09 05:52:37', '2018-08-09 05:52:37', NULL),
(417, '4B', '13', '2480600', '2018-08-09 05:52:37', '2018-08-09 05:52:37', NULL),
(418, '4B', '22', '2800500', '2018-08-09 05:52:37', '2018-08-09 05:52:37', NULL),
(419, '4B', '23', '2800500', '2018-08-09 05:52:37', '2018-08-09 05:52:37', NULL),
(420, '4B', '24', '2869200', '2018-08-09 05:52:37', '2018-08-09 05:52:37', NULL),
(421, '4B', '25', '2869200', '2018-08-09 05:52:37', '2018-08-09 05:52:37', NULL),
(422, '4B', '26', '2939700', '2018-08-09 05:52:37', '2018-08-09 05:52:37', NULL),
(423, '4B', '27', '2939700', '2018-08-09 05:52:37', '2018-08-09 05:52:37', NULL),
(424, '4B', '28', '3011900', '2018-08-09 05:52:37', '2018-08-09 05:52:37', NULL),
(425, '4B', '29', '3011900', '2018-08-09 05:52:37', '2018-08-09 05:52:37', NULL),
(426, '4B', '30', '3085800', '2018-08-09 05:52:37', '2018-08-09 05:52:37', NULL),
(427, '4B', '31', '3085800', '2018-08-09 05:52:37', '2018-08-09 05:52:37', NULL),
(428, '4B', '32', '3161600', '2018-08-09 05:52:37', '2018-08-09 05:52:37', NULL),
(429, '4C', '00', '2235400', '2018-08-09 05:52:37', '2018-08-09 05:52:37', NULL),
(430, '4C', '01', '2235400', '2018-08-09 05:52:37', '2018-08-09 05:52:37', NULL),
(431, '4C', '02', '2290300', '2018-08-09 05:52:37', '2018-08-09 05:52:37', NULL),
(432, '4C', '03', '2290300', '2018-08-09 05:52:37', '2018-08-09 05:52:37', NULL),
(433, '4C', '04', '2346500', '2018-08-09 05:52:38', '2018-08-09 05:52:38', NULL),
(434, '4C', '05', '2346500', '2018-08-09 05:52:38', '2018-08-09 05:52:38', NULL),
(435, '4C', '06', '2404100', '2018-08-09 05:52:38', '2018-08-09 05:52:38', NULL),
(436, '4C', '07', '2404100', '2018-08-09 05:52:38', '2018-08-09 05:52:38', NULL),
(437, '4C', '08', '2463100', '2018-08-09 05:52:38', '2018-08-09 05:52:38', NULL),
(438, '4C', '09', '2463100', '2018-08-09 05:52:38', '2018-08-09 05:52:38', NULL),
(439, '4C', '10', '2523600', '2018-08-09 05:52:38', '2018-08-09 05:52:38', NULL),
(440, '4C', '11', '2523600', '2018-08-09 05:52:38', '2018-08-09 05:52:38', NULL),
(441, '4C', '12', '2585600', '2018-08-09 05:52:38', '2018-08-09 05:52:38', NULL),
(442, '4C', '13', '2585600', '2018-08-09 05:52:38', '2018-08-09 05:52:38', NULL),
(443, '4C', '14', '2649000', '2018-08-09 05:52:38', '2018-08-09 05:52:38', NULL),
(444, '4C', '15', '2649000', '2018-08-09 05:52:38', '2018-08-09 05:52:38', NULL),
(445, '4C', '16', '2714100', '2018-08-09 05:52:38', '2018-08-09 05:52:38', NULL),
(446, '4C', '17', '2714100', '2018-08-09 05:52:38', '2018-08-09 05:52:38', NULL),
(447, '4C', '18', '2780700', '2018-08-09 05:52:38', '2018-08-09 05:52:38', NULL),
(448, '4C', '19', '2780700', '2018-08-09 05:52:38', '2018-08-09 05:52:38', NULL),
(449, '4C', '20', '2849000', '2018-08-09 05:52:38', '2018-08-09 05:52:38', NULL),
(450, '4C', '21', '2849000', '2018-08-09 05:52:38', '2018-08-09 05:52:38', NULL),
(451, '4C', '22', '2918900', '2018-08-09 05:52:38', '2018-08-09 05:52:38', NULL),
(452, '4C', '23', '2918900', '2018-08-09 05:52:38', '2018-08-09 05:52:38', NULL),
(453, '4C', '24', '2990600', '2018-08-09 05:52:38', '2018-08-09 05:52:38', NULL),
(454, '4C', '25', '2990600', '2018-08-09 05:52:38', '2018-08-09 05:52:38', NULL),
(455, '4C', '26', '3064000', '2018-08-09 05:52:38', '2018-08-09 05:52:38', NULL),
(456, '4C', '27', '3064000', '2018-08-09 05:52:39', '2018-08-09 05:52:39', NULL),
(457, '4C', '28', '3139300', '2018-08-09 05:52:39', '2018-08-09 05:52:39', NULL),
(458, '4C', '29', '3139300', '2018-08-09 05:52:39', '2018-08-09 05:52:39', NULL),
(459, '4C', '30', '3216300', '2018-08-09 05:52:39', '2018-08-09 05:52:39', NULL),
(460, '4C', '31', '3216300', '2018-08-09 05:52:39', '2018-08-09 05:52:39', NULL),
(461, '4C', '32', '3295300', '2018-08-09 05:52:39', '2018-08-09 05:52:39', NULL),
(462, '4D', '00', '2329900', '2018-08-09 05:52:39', '2018-08-09 05:52:39', NULL),
(463, '4D', '01', '2329900', '2018-08-09 05:52:39', '2018-08-09 05:52:39', NULL),
(464, '4D', '02', '2387100', '2018-08-09 05:52:39', '2018-08-09 05:52:39', NULL),
(465, '4D', '03', '2387100', '2018-08-09 05:52:39', '2018-08-09 05:52:39', NULL),
(466, '4D', '04', '2445800', '2018-08-09 05:52:39', '2018-08-09 05:52:39', NULL),
(467, '4D', '05', '2445800', '2018-08-09 05:52:39', '2018-08-09 05:52:39', NULL),
(468, '4D', '06', '2505800', '2018-08-09 05:52:39', '2018-08-09 05:52:39', NULL),
(469, '4D', '07', '2505800', '2018-08-09 05:52:39', '2018-08-09 05:52:39', NULL),
(470, '4D', '08', '2567300', '2018-08-09 05:52:39', '2018-08-09 05:52:39', NULL),
(471, '4D', '09', '2567300', '2018-08-09 05:52:39', '2018-08-09 05:52:39', NULL),
(472, '4D', '10', '2630400', '2018-08-09 05:52:40', '2018-08-09 05:52:40', NULL),
(473, '4D', '11', '2630400', '2018-08-09 05:52:40', '2018-08-09 05:52:40', NULL),
(474, '4D', '12', '2694900', '2018-08-09 05:52:40', '2018-08-09 05:52:40', NULL),
(475, '4D', '13', '2694900', '2018-08-09 05:52:40', '2018-08-09 05:52:40', NULL),
(476, '4D', '14', '2761100', '2018-08-09 05:52:40', '2018-08-09 05:52:40', NULL),
(477, '4D', '15', '2761100', '2018-08-09 05:52:40', '2018-08-09 05:52:40', NULL),
(478, '4D', '16', '2828900', '2018-08-09 05:52:40', '2018-08-09 05:52:40', NULL),
(479, '4D', '17', '2828900', '2018-08-09 05:52:40', '2018-08-09 05:52:40', NULL),
(480, '4D', '18', '2898300', '2018-08-09 05:52:40', '2018-08-09 05:52:40', NULL),
(481, '4D', '19', '2898300', '2018-08-09 05:52:40', '2018-08-09 05:52:40', NULL),
(482, '4D', '20', '2969500', '2018-08-09 05:52:40', '2018-08-09 05:52:40', NULL),
(483, '4D', '21', '2969500', '2018-08-09 05:52:40', '2018-08-09 05:52:40', NULL),
(484, '4D', '22', '3042400', '2018-08-09 05:52:40', '2018-08-09 05:52:40', NULL),
(485, '4D', '23', '3042400', '2018-08-09 05:52:40', '2018-08-09 05:52:40', NULL),
(486, '4D', '24', '3117100', '2018-08-09 05:52:40', '2018-08-09 05:52:40', NULL),
(487, '4D', '25', '3117100', '2018-08-09 05:52:40', '2018-08-09 05:52:40', NULL),
(488, '4D', '26', '3193600', '2018-08-09 05:52:40', '2018-08-09 05:52:40', NULL),
(489, '4D', '27', '3193600', '2018-08-09 05:52:40', '2018-08-09 05:52:40', NULL),
(490, '4D', '28', '3272100', '2018-08-09 05:52:40', '2018-08-09 05:52:40', NULL),
(491, '4D', '29', '3272100', '2018-08-09 05:52:40', '2018-08-09 05:52:40', NULL),
(492, '4D', '30', '3352400', '2018-08-09 05:52:40', '2018-08-09 05:52:40', NULL),
(493, '4D', '31', '3352400', '2018-08-09 05:52:40', '2018-08-09 05:52:40', NULL),
(494, '4D', '32', '3434700', '2018-08-09 05:52:40', '2018-08-09 05:52:40', NULL),
(495, '4E', '00', '2428500', '2018-08-09 05:52:41', '2018-08-09 05:52:41', NULL),
(496, '4E', '01', '2428500', '2018-08-09 05:52:41', '2018-08-09 05:52:41', NULL),
(497, '4E', '02', '2488100', '2018-08-09 05:52:41', '2018-08-09 05:52:41', NULL),
(498, '4E', '03', '2488100', '2018-08-09 05:52:41', '2018-08-09 05:52:41', NULL),
(499, '4E', '04', '2549200', '2018-08-09 05:52:41', '2018-08-09 05:52:41', NULL),
(500, '4E', '05', '2549200', '2018-08-09 05:52:41', '2018-08-09 05:52:41', NULL),
(501, '4E', '06', '2611800', '2018-08-09 05:52:41', '2018-08-09 05:52:41', NULL),
(502, '4E', '07', '2611800', '2018-08-09 05:52:41', '2018-08-09 05:52:41', NULL),
(503, '4E', '08', '2675900', '2018-08-09 05:52:41', '2018-08-09 05:52:41', NULL),
(504, '4E', '09', '2675900', '2018-08-09 05:52:41', '2018-08-09 05:52:41', NULL),
(505, '4E', '10', '2741600', '2018-08-09 05:52:41', '2018-08-09 05:52:41', NULL),
(506, '4E', '11', '2741600', '2018-08-09 05:52:41', '2018-08-09 05:52:41', NULL),
(507, '4E', '12', '2808900', '2018-08-09 05:52:41', '2018-08-09 05:52:41', NULL),
(508, '4E', '13', '2808900', '2018-08-09 05:52:41', '2018-08-09 05:52:41', NULL),
(509, '4E', '14', '2877900', '2018-08-09 05:52:41', '2018-08-09 05:52:41', NULL),
(510, '4E', '15', '2877900', '2018-08-09 05:52:41', '2018-08-09 05:52:41', NULL),
(511, '4E', '16', '2948600', '2018-08-09 05:52:41', '2018-08-09 05:52:41', NULL),
(512, '4E', '17', '2948600', '2018-08-09 05:52:41', '2018-08-09 05:52:41', NULL),
(513, '4E', '18', '3020900', '2018-08-09 05:52:41', '2018-08-09 05:52:41', NULL),
(514, '4E', '19', '3020900', '2018-08-09 05:52:41', '2018-08-09 05:52:41', NULL),
(515, '4E', '20', '3095100', '2018-08-09 05:52:41', '2018-08-09 05:52:41', NULL),
(516, '4E', '21', '3095100', '2018-08-09 05:52:41', '2018-08-09 05:52:41', NULL),
(517, '4E', '22', '3171100', '2018-08-09 05:52:41', '2018-08-09 05:52:41', NULL),
(518, '4E', '23', '3171100', '2018-08-09 05:52:41', '2018-08-09 05:52:41', NULL),
(519, '4E', '24', '3249000', '2018-08-09 05:52:41', '2018-08-09 05:52:41', NULL),
(520, '4E', '25', '3249000', '2018-08-09 05:52:42', '2018-08-09 05:52:42', NULL),
(521, '4E', '26', '3328700', '2018-08-09 05:52:42', '2018-08-09 05:52:42', NULL),
(522, '4E', '27', '3328700', '2018-08-09 05:52:42', '2018-08-09 05:52:42', NULL),
(523, '4E', '28', '3410500', '2018-08-09 05:52:42', '2018-08-09 05:52:42', NULL),
(524, '4E', '29', '3410500', '2018-08-09 05:52:42', '2018-08-09 05:52:42', NULL),
(525, '4E', '30', '3494200', '2018-08-09 05:52:42', '2018-08-09 05:52:42', NULL),
(526, '4E', '31', '3494200', '2018-08-09 05:52:42', '2018-08-09 05:52:42', NULL),
(527, '4E', '32', '3580000', '2018-08-09 05:52:42', '2018-08-09 05:52:42', NULL),
(528, '2A', '28', '1928800', '2018-08-09 05:52:42', '2018-08-09 05:52:42', NULL),
(529, '2A', '29', '1976200', '2018-08-09 05:52:42', '2018-08-09 05:52:42', NULL);

-- --------------------------------------------------------

--
-- Table structure for table `jabatan`
--

CREATE TABLE `jabatan` (
  `id` int(10) UNSIGNED NOT NULL,
  `kd_jabatan` varchar(191) COLLATE utf8mb4_unicode_ci NOT NULL,
  `nm_jabatan` varchar(191) COLLATE utf8mb4_unicode_ci NOT NULL,
  `created_at` timestamp NULL DEFAULT NULL,
  `updated_at` timestamp NULL DEFAULT NULL,
  `deleted_at` timestamp NULL DEFAULT NULL
) ENGINE=InnoDB DEFAULT CHARSET=utf8mb4 COLLATE=utf8mb4_unicode_ci;

--
-- Dumping data for table `jabatan`
--

INSERT INTO `jabatan` (`id`, `kd_jabatan`, `nm_jabatan`, `created_at`, `updated_at`, `deleted_at`) VALUES
(1, 'J1', 'Kepala Keuangan', '2018-07-25 16:00:00', NULL, NULL),
(2, 'J2', 'Anggota Keuangan', '2018-07-25 16:00:00', NULL, NULL),
(3, 'J3', 'Kepala Rena', '2018-07-25 16:00:00', NULL, NULL),
(4, 'J4', 'Anggota Rena', '2018-07-25 16:00:00', NULL, NULL);

-- --------------------------------------------------------

--
-- Table structure for table `lokasi`
--

CREATE TABLE `lokasi` (
  `id` int(10) UNSIGNED NOT NULL,
  `kd_lokasi` varchar(191) COLLATE utf8mb4_unicode_ci NOT NULL,
  `nm_lokasi` varchar(191) COLLATE utf8mb4_unicode_ci NOT NULL,
  `created_at` timestamp NULL DEFAULT NULL,
  `updated_at` timestamp NULL DEFAULT NULL,
  `deleted_at` timestamp NULL DEFAULT NULL
) ENGINE=InnoDB DEFAULT CHARSET=utf8mb4 COLLATE=utf8mb4_unicode_ci;

--
-- Dumping data for table `lokasi`
--

INSERT INTO `lokasi` (`id`, `kd_lokasi`, `nm_lokasi`, `created_at`, `updated_at`, `deleted_at`) VALUES
(1, 'L1', 'Bali', '2018-07-25 16:00:00', NULL, NULL),
(2, 'L2', 'Jakarta', '2018-07-25 16:00:00', NULL, NULL),
(3, '01', 'DKI JAKARTA', '2018-08-09 05:53:07', '2018-08-09 06:30:37', NULL),
(4, '02', 'JAWA BARAT', '2018-08-09 05:53:07', '2018-08-09 06:30:37', NULL),
(5, '03', 'JAWA TENGAH', '2018-08-09 05:53:07', '2018-08-09 06:30:37', NULL),
(6, '04', 'DI YOGYAKARTA', '2018-08-09 05:53:07', '2018-08-09 06:30:37', NULL),
(7, '05', 'JAWA TIMUR', '2018-08-09 05:53:07', '2018-08-09 06:30:37', NULL),
(8, '06', 'NANGGROE ACEH DARUSSALAM', '2018-08-09 05:53:07', '2018-08-09 06:30:37', NULL),
(9, '07', 'SUMATERA UTARA', '2018-08-09 05:53:07', '2018-08-09 06:30:37', NULL),
(10, '08', 'SUMATERA BARAT', '2018-08-09 05:53:07', '2018-08-09 06:30:37', NULL),
(11, '09', 'RIAU', '2018-08-09 05:53:07', '2018-08-09 06:30:37', NULL),
(12, '10', 'JAMBI', '2018-08-09 05:53:07', '2018-08-09 06:30:37', NULL),
(13, '11', 'SUMATERA SELATAN', '2018-08-09 05:53:07', '2018-08-09 06:30:37', NULL),
(14, '12', 'LAMPUNG', '2018-08-09 05:53:07', '2018-08-09 06:30:37', NULL),
(15, '13', 'KALIMANTAN BARAT', '2018-08-09 05:53:07', '2018-08-09 06:30:37', NULL),
(16, '14', 'KALIMANTAN TENGAH', '2018-08-09 05:53:07', '2018-08-09 06:30:37', NULL),
(17, '15', 'KALIMANTAN SELATAN', '2018-08-09 05:53:07', '2018-08-09 06:30:37', NULL),
(18, '16', 'KALIMANTAN TIMUR', '2018-08-09 05:53:07', '2018-08-09 06:30:37', NULL),
(19, '17', 'SULAWESI UTARA', '2018-08-09 05:53:07', '2018-08-09 06:30:37', NULL),
(20, '18', 'SULAWESI TENGAH', '2018-08-09 05:53:07', '2018-08-09 06:30:37', NULL),
(21, '19', 'SULAWESI SELATAN', '2018-08-09 05:53:07', '2018-08-09 06:30:37', NULL),
(22, '20', 'SULAWESI TENGGARA', '2018-08-09 05:53:07', '2018-08-09 06:30:38', NULL),
(23, '21', 'MALUKU', '2018-08-09 05:53:07', '2018-08-09 06:30:38', NULL),
(24, '22', 'BALI', '2018-08-09 05:53:08', '2018-08-09 06:30:38', NULL),
(25, '23', 'NUSA TENGGARA BARAT', '2018-08-09 05:53:08', '2018-08-09 06:30:38', NULL),
(26, '24', 'NUSA TENGGARA TIMUR', '2018-08-09 05:53:08', '2018-08-09 06:30:38', NULL),
(27, '25', 'PAPUA', '2018-08-09 05:53:08', '2018-08-09 06:30:38', NULL),
(28, '26', 'BENGKULU', '2018-08-09 05:53:08', '2018-08-09 06:30:38', NULL),
(29, '28', 'MALUKU UTARA', '2018-08-09 05:53:08', '2018-08-09 06:30:38', NULL),
(30, '29', 'BANTEN', '2018-08-09 05:53:08', '2018-08-09 06:30:38', NULL),
(31, '30', 'BANGKA BELITUNG', '2018-08-09 05:53:08', '2018-08-09 06:30:38', NULL),
(32, '31', 'GORONTALO', '2018-08-09 05:53:08', '2018-08-09 06:30:38', NULL),
(33, '32', 'KEPULAUAN RIAU', '2018-08-09 05:53:08', '2018-08-09 06:30:38', NULL),
(34, '33', 'IRIAN JAYA BARAT', '2018-08-09 05:53:08', '2018-08-09 06:30:38', NULL),
(35, '34', 'SULAWESI BARAT', '2018-08-09 05:53:08', '2018-08-09 06:30:38', NULL),
(36, '50', 'PERWAKILAN RI DI LUAR NEGERI', '2018-08-09 05:53:08', '2018-08-09 06:30:38', NULL),
(37, '51', 'AMERIKA UTARA', '2018-08-09 05:53:08', '2018-08-09 06:30:38', NULL),
(38, '52', 'AMERIKA SELATAN', '2018-08-09 05:53:08', '2018-08-09 06:30:38', NULL),
(39, '53', 'EROPA TIMUR DAN UTARA', '2018-08-09 05:53:08', '2018-08-09 06:30:38', NULL),
(40, '54', 'EROPA BARAT', '2018-08-09 05:53:08', '2018-08-09 06:30:38', NULL),
(41, '55', 'AFRIKA', '2018-08-09 05:53:08', '2018-08-09 06:30:38', NULL),
(42, '56', 'ASIA TENGAH DAN TIMUR', '2018-08-09 05:53:08', '2018-08-09 06:30:39', NULL),
(43, '57', 'ASIA PASIFIK', '2018-08-09 05:53:08', '2018-08-09 06:30:39', NULL),
(44, '58', 'ASIA TENGGARA', '2018-08-09 05:53:08', '2018-08-09 06:30:39', NULL),
(45, '59', 'TIMUR TENGAH', '2018-08-09 05:53:08', '2018-08-09 06:30:39', NULL);

-- --------------------------------------------------------

--
-- Table structure for table `migrations`
--

CREATE TABLE `migrations` (
  `id` int(10) UNSIGNED NOT NULL,
  `migration` varchar(191) COLLATE utf8mb4_unicode_ci NOT NULL,
  `batch` int(11) NOT NULL
) ENGINE=InnoDB DEFAULT CHARSET=utf8mb4 COLLATE=utf8mb4_unicode_ci;

--
-- Dumping data for table `migrations`
--

INSERT INTO `migrations` (`id`, `migration`, `batch`) VALUES
(1, '2014_10_12_000000_create_users_table', 1),
(2, '2014_10_12_100000_create_password_resets_table', 1),
(3, '2018_07_18_162039_create_satkers_table', 1),
(4, '2018_07_18_162242_create_depts_table', 1),
(5, '2018_07_18_162408_create_units_table', 1),
(6, '2018_07_18_162516_create_lokasis_table', 1),
(7, '2018_07_18_162556_create_pegawais_table', 1),
(8, '2018_07_18_162701_create_pangkats_table', 1),
(9, '2018_07_18_162743_create_jaatans_table', 1),
(10, '2018_07_18_162910_create_absensis_table', 1),
(11, '2018_07_18_163000_create_waktu_absensis_table', 1),
(12, '2018_07_18_163041_create_gapoks_table', 1),
(13, '2018_07_18_163125_create_aturan_absensis_table', 1),
(14, '2018_07_18_163400_create_aturan_tunkins_table', 1),
(15, '2018_07_18_163443_create_aturan_tunkin_details_table', 1);

-- --------------------------------------------------------

--
-- Table structure for table `pangkat`
--

CREATE TABLE `pangkat` (
  `id` int(10) UNSIGNED NOT NULL,
  `kd_pangkat` varchar(191) COLLATE utf8mb4_unicode_ci NOT NULL,
  `nm_pangkat1` varchar(191) COLLATE utf8mb4_unicode_ci NOT NULL,
  `nm_pangkat2` varchar(191) COLLATE utf8mb4_unicode_ci NOT NULL,
  `kd_kelgapok` varchar(191) COLLATE utf8mb4_unicode_ci NOT NULL,
  `created_at` timestamp NULL DEFAULT NULL,
  `updated_at` timestamp NULL DEFAULT NULL,
  `deleted_at` timestamp NULL DEFAULT NULL
) ENGINE=InnoDB DEFAULT CHARSET=utf8mb4 COLLATE=utf8mb4_unicode_ci;

--
-- Dumping data for table `pangkat`
--

INSERT INTO `pangkat` (`id`, `kd_pangkat`, `nm_pangkat1`, `nm_pangkat2`, `kd_kelgapok`, `created_at`, `updated_at`, `deleted_at`) VALUES
(1, 'P1', 'Letda', '', 'KG1', NULL, NULL, NULL),
(2, 'P2', 'Bintara', '', 'KG2', NULL, NULL, NULL),
(3, '11', 'I/a', 'Juru Muda', '1A', '2018-08-09 05:52:13', '2018-08-17 18:21:32', NULL),
(4, '12', '1/b', 'Juru Muda Tk.I', '1B', '2018-08-09 05:52:13', '2018-08-17 18:21:32', NULL),
(5, '13', 'I/c', 'Juru', '1C', '2018-08-09 05:52:13', '2018-08-17 18:21:32', NULL),
(6, '14', 'I/d', 'Juru Tingkat I', '1D', '2018-08-09 05:52:14', '2018-08-17 18:21:32', NULL),
(7, '21', 'II/a', 'Pengatur Muda', '2A', '2018-08-09 05:52:14', '2018-08-17 18:21:32', NULL),
(8, '22', 'II/b', 'Pengatur Muda Tk.I', '2B', '2018-08-09 05:52:14', '2018-08-17 18:21:32', NULL),
(9, '23', 'II/c', 'Pengatur', '2C', '2018-08-09 05:52:14', '2018-08-17 18:21:32', NULL),
(10, '24', 'II/d', 'Pengatur Tk.I', '2D', '2018-08-09 05:52:14', '2018-08-17 18:21:32', NULL),
(11, '31', 'III/a', 'Penata Muda', '3A', '2018-08-09 05:52:14', '2018-08-17 18:21:32', NULL),
(12, '32', 'III/b', 'Penata Muda Tk.I', '3B', '2018-08-09 05:52:14', '2018-08-17 18:21:32', NULL),
(13, '33', 'III/c', 'Penata', '3C', '2018-08-09 05:52:14', '2018-08-17 18:21:32', NULL),
(14, '34', 'III/d', 'Penata Tk.I', '3D', '2018-08-09 05:52:14', '2018-08-17 18:21:32', NULL),
(15, '41', 'IV/a', 'Pembina', '4A', '2018-08-09 05:52:14', '2018-08-17 18:21:32', NULL),
(16, '42', 'IV/b', 'Pembina Tk.I', '4B', '2018-08-09 05:52:14', '2018-08-17 18:21:33', NULL),
(17, '43', 'IV/c', 'Pembina Utama Muda', '4C', '2018-08-09 05:52:14', '2018-08-17 18:21:33', NULL),
(18, '44', 'IV/d', 'Pembina Utama Madya', '4D', '2018-08-09 05:52:14', '2018-08-17 18:21:33', NULL),
(19, '45', 'IV/e', 'Pembina Utama', '4E', '2018-08-09 05:52:14', '2018-08-17 18:21:33', NULL);

-- --------------------------------------------------------

--
-- Table structure for table `password_resets`
--

CREATE TABLE `password_resets` (
  `email` varchar(191) COLLATE utf8mb4_unicode_ci NOT NULL,
  `token` varchar(191) COLLATE utf8mb4_unicode_ci NOT NULL,
  `created_at` timestamp NULL DEFAULT NULL
) ENGINE=InnoDB DEFAULT CHARSET=utf8mb4 COLLATE=utf8mb4_unicode_ci;

-- --------------------------------------------------------

--
-- Table structure for table `pegawai`
--

CREATE TABLE `pegawai` (
  `id` int(10) UNSIGNED NOT NULL,
  `nama` varchar(191) COLLATE utf8mb4_unicode_ci NOT NULL,
  `nip` varchar(191) COLLATE utf8mb4_unicode_ci NOT NULL,
  `kd_satker` varchar(191) COLLATE utf8mb4_unicode_ci NOT NULL,
  `kd_pangkat` varchar(191) COLLATE utf8mb4_unicode_ci NOT NULL,
  `kd_jab` varchar(191) COLLATE utf8mb4_unicode_ci NOT NULL,
  `kelas_jab` int(11) NOT NULL,
  `kd_gapok` varchar(191) COLLATE utf8mb4_unicode_ci NOT NULL,
  `no_rekening` varchar(191) COLLATE utf8mb4_unicode_ci NOT NULL,
  `created_at` timestamp NULL DEFAULT NULL,
  `updated_at` timestamp NULL DEFAULT NULL,
  `deleted_at` timestamp NULL DEFAULT NULL
) ENGINE=InnoDB DEFAULT CHARSET=utf8mb4 COLLATE=utf8mb4_unicode_ci;

--
-- Dumping data for table `pegawai`
--

INSERT INTO `pegawai` (`id`, `nama`, `nip`, `kd_satker`, `kd_pangkat`, `kd_jab`, `kelas_jab`, `kd_gapok`, `no_rekening`, `created_at`, `updated_at`, `deleted_at`) VALUES
(6, 'Pegawai 1', '81051412', 'S1', 'P1', 'J1', 6, '', '001', NULL, NULL, NULL),
(7, 'Pegawai 2', '81051411', 'S1', 'P1', 'J1', 7, '', '001', NULL, NULL, NULL),
(8, 'Pegawai 3', '81051413', 'S1', 'P1', 'J1', 8, '', '001', NULL, NULL, NULL),
(9, 'Pegawai 4', '81051414', 'S1', 'P1', 'J1', 9, '', '001', NULL, NULL, NULL),
(10, 'Pegawai 5', '81051415', 'S1', 'P1', 'J1', 10, '', '001', NULL, NULL, NULL),
(11, 'Pegawai 6', '81051416', 'S1', 'P1', 'J1', 11, '', '001', NULL, NULL, NULL),
(12, 'Pegawai 7', '81051417', 'S1', 'P1', 'J1', 12, '', '001', NULL, NULL, NULL),
(13, 'Pegawai 8', '81051418', 'S1', 'P1', 'J1', 13, '', '001', NULL, NULL, NULL),
(14, 'Pegawai 9', '196606261987032004', 'S1', 'P1', 'J1', 14, '', '001', NULL, NULL, NULL),
(15, 'SAYU DIAH LAKSMI.ST', '81051419', '497011', '32', '99999', 12, '3B08', '', NULL, '2018-08-09 06:24:44', NULL),
(16, 'ERWIN HADRIYANTA', '196606261987032005', '497011', '22', '99999', 12, '2B17', '', NULL, '2018-08-09 06:24:44', NULL),
(17, 'IR JANY AGUSTIN M.SC.', '196606261987032006', '497011', '42', '00131', 14, '4B28', '', NULL, '2018-08-09 06:24:44', NULL);

-- --------------------------------------------------------

--
-- Table structure for table `satker`
--

CREATE TABLE `satker` (
  `id` int(10) UNSIGNED NOT NULL,
  `kd_satker` varchar(191) COLLATE utf8mb4_unicode_ci NOT NULL,
  `nm_satker` varchar(191) COLLATE utf8mb4_unicode_ci NOT NULL,
  `kd_dept` varchar(191) COLLATE utf8mb4_unicode_ci NOT NULL,
  `kd_unit` varchar(191) COLLATE utf8mb4_unicode_ci NOT NULL,
  `kd_lokasi` varchar(191) COLLATE utf8mb4_unicode_ci NOT NULL,
  `created_at` timestamp NULL DEFAULT NULL,
  `updated_at` timestamp NULL DEFAULT NULL,
  `deleted_at` timestamp NULL DEFAULT NULL
) ENGINE=InnoDB DEFAULT CHARSET=utf8mb4 COLLATE=utf8mb4_unicode_ci;

--
-- Dumping data for table `satker`
--

INSERT INTO `satker` (`id`, `kd_satker`, `nm_satker`, `kd_dept`, `kd_unit`, `kd_lokasi`, `created_at`, `updated_at`, `deleted_at`) VALUES
(1, 'S1', 'Bidang Keuangan', 'D1', 'U1', 'L1', NULL, NULL, NULL),
(2, 'S2', 'Bidang Rena', 'D1', 'U1', 'L1', NULL, NULL, NULL),
(3, '497011', 'Satker Baru', 'D1', 'U1', 'L1', '2018-08-21 16:00:00', NULL, NULL);

-- --------------------------------------------------------

--
-- Table structure for table `unit`
--

CREATE TABLE `unit` (
  `id` int(10) UNSIGNED NOT NULL,
  `kd_dept` varchar(191) COLLATE utf8mb4_unicode_ci NOT NULL,
  `kd_unit` varchar(191) COLLATE utf8mb4_unicode_ci NOT NULL,
  `nm_unit` varchar(191) COLLATE utf8mb4_unicode_ci NOT NULL,
  `created_at` timestamp NULL DEFAULT NULL,
  `updated_at` timestamp NULL DEFAULT NULL,
  `deleted_at` timestamp NULL DEFAULT NULL
) ENGINE=InnoDB DEFAULT CHARSET=utf8mb4 COLLATE=utf8mb4_unicode_ci;

--
-- Dumping data for table `unit`
--

INSERT INTO `unit` (`id`, `kd_dept`, `kd_unit`, `nm_unit`, `created_at`, `updated_at`, `deleted_at`) VALUES
(1, 'D1', 'U1', 'Polda Bali', NULL, NULL, NULL),
(2, 'D2', 'U2', 'MPR RI', NULL, NULL, NULL),
(3, '001', '01', 'SEKRETARIAT JENDERAL', '2018-08-09 05:53:09', '2018-08-09 05:53:09', NULL),
(4, '001', '02', 'M A J E L I S', '2018-08-09 05:53:09', '2018-08-09 05:53:09', NULL),
(5, '002', '01', 'SEKRETARIAT JENDERAL', '2018-08-09 05:53:09', '2018-08-09 05:53:09', NULL),
(6, '002', '02', 'D E W A N', '2018-08-09 05:53:09', '2018-08-09 05:53:09', NULL),
(7, '004', '01', 'SEKRETARIAT JENDERAL', '2018-08-09 05:53:09', '2018-08-09 05:53:09', NULL),
(8, '004', '02', 'B. P. K.  PUSAT', '2018-08-09 05:53:09', '2018-08-09 05:53:09', NULL),
(9, '005', '01', 'SEKRETARIAT MAHKAMAH AGUNG', '2018-08-09 05:53:09', '2018-08-09 05:53:09', NULL),
(10, '005', '02', 'KEPANITERAAN', '2018-08-09 05:53:09', '2018-08-09 05:53:09', NULL),
(11, '006', '01', 'KEJAKSAAN AGUNG', '2018-08-09 05:53:10', '2018-08-09 05:53:10', NULL),
(12, '007', '01', 'SEKRETARIAT NEGARA', '2018-08-09 05:53:10', '2018-08-09 05:53:10', NULL),
(13, '007', '02', 'SEKRETARIAT KABINET', '2018-08-09 05:53:10', '2018-08-09 05:53:10', NULL),
(14, '007', '03', 'RUMAH TANGGA KEPRESIDENAN', '2018-08-09 05:53:10', '2018-08-09 05:53:10', NULL),
(15, '007', '04', 'SEKRETARIAT WAKIL PRESIDEN', '2018-08-09 05:53:10', '2018-08-09 05:53:10', NULL),
(16, '010', '01', 'SEKRETARIAT JENDERAL', '2018-08-09 05:53:10', '2018-08-09 05:53:10', NULL),
(17, '010', '02', 'INSPEKTORAT JENDERAL', '2018-08-09 05:53:10', '2018-08-09 05:53:10', NULL),
(18, '010', '03', 'DITJEN KESATUAN BANGSA DAN POLITIK', '2018-08-09 05:53:10', '2018-08-09 05:53:10', NULL),
(19, '010', '04', 'DITJEN PEMERINTAHAN UMUM', '2018-08-09 05:53:10', '2018-08-09 05:53:10', NULL),
(20, '010', '05', 'DITJEN PEMBERDAYAAN MASYARAKAT DAN DESA', '2018-08-09 05:53:10', '2018-08-09 05:53:10', NULL),
(21, '010', '06', 'DITJEN BINA PEMBANGUNAN DAERAH', '2018-08-09 05:53:11', '2018-08-09 05:53:11', NULL),
(22, '010', '11', 'BADAN PENELITIAN DAN PENGEMBANGAN', '2018-08-09 05:53:11', '2018-08-09 05:53:11', NULL),
(23, '010', '12', 'BADAN PENDIDIKAN DAN PELATIHAN', '2018-08-09 05:53:11', '2018-08-09 05:53:11', NULL),
(24, '011', '01', 'SEKRETARIAT JENDERAL', '2018-08-09 05:53:11', '2018-08-09 05:53:11', NULL),
(25, '011', '02', 'DIREKTORAT JENDERAL ASIA PASIFIK DAN AFRIKA', '2018-08-09 05:53:11', '2018-08-09 05:53:11', NULL),
(26, '011', '03', 'DIREKTORAT JENDERAL AMERIKA DAN EROPA', '2018-08-09 05:53:11', '2018-08-09 05:53:11', NULL),
(27, '011', '04', 'DIREKTORAT JENDERAL KERJA SAMA ASEAN', '2018-08-09 05:53:11', '2018-08-09 05:53:11', NULL),
(28, '011', '05', 'DIREKTORAT JENDERAL MULTILATERAL', '2018-08-09 05:53:11', '2018-08-09 05:53:11', NULL),
(29, '011', '06', 'DIREKTORAT JENDERAL INFORMASI DAN DIPLOMASI PUBLIK', '2018-08-09 05:53:11', '2018-08-09 05:53:11', NULL),
(30, '011', '11', 'BADAN PENGKAJIAN DAN PENGEMBANGAN KEBIJAKAN', '2018-08-09 05:53:11', '2018-08-09 05:53:11', NULL),
(31, '012', '01', 'DEPARTEMEN PERTAHANAN', '2018-08-09 05:53:11', '2018-08-09 05:53:11', NULL),
(32, '013', '01', 'SEKRETARIAT JENDERAL', '2018-08-09 05:53:11', '2018-08-09 05:53:11', NULL),
(33, '013', '02', 'INSPEKTORAT JENDERAL', '2018-08-09 05:53:11', '2018-08-09 05:53:11', NULL),
(34, '013', '03', 'DITJEN ADMINISTRASI HUKUM UMUM', '2018-08-09 05:53:11', '2018-08-09 05:53:11', NULL),
(35, '013', '05', 'DITJEN PEMASYARAKATAN', '2018-08-09 05:53:11', '2018-08-09 05:53:11', NULL),
(36, '013', '06', 'DITJEN IMIGRASI', '2018-08-09 05:53:11', '2018-08-09 05:53:11', NULL),
(37, '013', '07', 'DITJEN HAK ATAS KEKAYAAN INTELEKTUAL', '2018-08-09 05:53:11', '2018-08-09 05:53:11', NULL),
(38, '015', '01', 'SEKRETARIAT JENDERAL', '2018-08-09 05:53:11', '2018-08-09 05:53:11', NULL),
(39, '015', '02', 'INSPEKTORAT JENDERAL', '2018-08-09 05:53:11', '2018-08-09 05:53:11', NULL),
(40, '015', '03', 'DITJEN ANGGARAN', '2018-08-09 05:53:11', '2018-08-09 05:53:11', NULL),
(41, '015', '04', 'DITJEN PAJAK', '2018-08-09 05:53:11', '2018-08-09 05:53:11', NULL),
(42, '015', '05', 'DITJEN BEA DAN CUKAI', '2018-08-09 05:53:11', '2018-08-09 05:53:11', NULL),
(43, '015', '06', 'DITJEN PERIMBANGAN KEUANGAN', '2018-08-09 05:53:12', '2018-08-09 05:53:12', NULL),
(44, '015', '08', 'DITJEN PERBENDAHARAAN', '2018-08-09 05:53:12', '2018-08-09 05:53:12', NULL),
(45, '015', '10', 'BADAN PENGAWAS PASAR MODAL DAN LEMBAGA KEUANGAN', '2018-08-09 05:53:12', '2018-08-09 05:53:12', NULL),
(46, '015', '11', 'BADAN PENDIDIKAN DAN PELATIHAN KEUANGAN', '2018-08-09 05:53:12', '2018-08-09 05:53:12', NULL),
(47, '015', '12', 'BADAN KEBIJAKAN FISKAL', '2018-08-09 05:53:12', '2018-08-09 05:53:12', NULL),
(48, '018', '01', 'SEKRETARIAT JENDERAL', '2018-08-09 05:53:12', '2018-08-09 05:53:12', NULL),
(49, '018', '02', 'INSPEKTORAT JENDERAL', '2018-08-09 05:53:12', '2018-08-09 05:53:12', NULL),
(50, '018', '03', 'DITJEN TANAMAN PANGAN', '2018-08-09 05:53:12', '2018-08-09 05:53:12', NULL),
(51, '018', '05', 'DITJEN PERKEBUNAN', '2018-08-09 05:53:12', '2018-08-09 05:53:12', NULL),
(52, '018', '06', 'DITJEN PETERNAKAN', '2018-08-09 05:53:12', '2018-08-09 05:53:12', NULL),
(53, '018', '11', 'BADAN KETAHANAN PANGAN', '2018-08-09 05:53:12', '2018-08-09 05:53:12', NULL),
(54, '018', '12', 'BADAN KARANTINA PERTANIAN', '2018-08-09 05:53:12', '2018-08-09 05:53:12', NULL),
(55, '019', '01', 'SEKRETARIAT JENDERAL', '2018-08-09 05:53:12', '2018-08-09 05:53:12', NULL),
(56, '019', '02', 'DIREKTORAT JENDERAL INDUSTRI AGRO DAN KIMIA', '2018-08-09 05:53:12', '2018-08-09 05:53:12', NULL),
(57, '019', '03', 'DIREKTORAT JENDERAL INDUSTRI LOGAM, MESIN, TEKSTIL DAN ANEKA', '2018-08-09 05:53:12', '2018-08-09 05:53:12', NULL),
(58, '019', '04', 'DIREKTORAT JENDERAL INDUSTRI ALAT TRANSPORTASI DAN TELEMATIKA', '2018-08-09 05:53:12', '2018-08-09 05:53:12', NULL),
(59, '019', '07', 'BADAN PENELITIAN DAN PENGEMBANGAN INDUSTRI', '2018-08-09 05:53:12', '2018-08-09 05:53:12', NULL),
(60, '020', '01', 'SEKRETARIAT JENDERAL', '2018-08-09 05:53:12', '2018-08-09 05:53:12', NULL),
(61, '020', '02', 'INSPEKTORAT JENDERAL', '2018-08-09 05:53:12', '2018-08-09 05:53:12', NULL),
(62, '020', '04', 'DITJEN MINYAK DAN GAS BUMI', '2018-08-09 05:53:12', '2018-08-09 05:53:12', NULL),
(63, '020', '05', 'DITJEN LISTRIK DAN PEMANFAATAN  ENERGI', '2018-08-09 05:53:12', '2018-08-09 05:53:12', NULL),
(64, '020', '06', 'DITJEN MINERAL, BATUBARA DAN PANAS BUMI', '2018-08-09 05:53:12', '2018-08-09 05:53:12', NULL),
(65, '022', '01', 'SEKRETARIAT JENDERAL', '2018-08-09 05:53:13', '2018-08-09 05:53:13', NULL),
(66, '022', '02', 'INSPEKTORAT JENDERAL', '2018-08-09 05:53:13', '2018-08-09 05:53:13', NULL),
(67, '022', '03', 'DITJEN PERHUBUNGAN DARAT', '2018-08-09 05:53:13', '2018-08-09 05:53:13', NULL),
(68, '022', '04', 'DITJEN PERHUBUNGAN LAUT', '2018-08-09 05:53:13', '2018-08-09 05:53:13', NULL),
(69, '022', '05', 'DITJEN PERHUBUNGAN UDARA', '2018-08-09 05:53:13', '2018-08-09 05:53:13', NULL),
(70, '022', '11', 'BADAN PENELITIAN DAN PENGEMBANGAN PERHUBUNGAN', '2018-08-09 05:53:13', '2018-08-09 05:53:13', NULL),
(71, '022', '12', 'BADAN PENDIDIKAN DAN LATIHAN PERHUBUNGAN', '2018-08-09 05:53:13', '2018-08-09 05:53:13', NULL),
(72, '022', '13', 'BADAN SAR NASIONAL', '2018-08-09 05:53:13', '2018-08-09 05:53:13', NULL),
(73, '023', '01', 'SEKRETARIAT JENDERAL', '2018-08-09 05:53:13', '2018-08-09 05:53:13', NULL),
(74, '023', '02', 'INSPEKTORAT JENDERAL', '2018-08-09 05:53:13', '2018-08-09 05:53:13', NULL),
(75, '023', '03', 'DITJEN MANAJEMEN PENDIDIKAN DASAR DAN MENENGAH', '2018-08-09 05:53:13', '2018-08-09 05:53:13', NULL),
(76, '023', '04', 'DITJEN PENDIDIKAN TINGGI', '2018-08-09 05:53:13', '2018-08-09 05:53:13', NULL),
(77, '023', '05', 'DITJEN PENDIDIKAN LUAR SEKOLAH', '2018-08-09 05:53:13', '2018-08-09 05:53:13', NULL),
(78, '023', '11', 'BADAN PENELITIAN DAN PENGEMBANGAN DIKBUD', '2018-08-09 05:53:13', '2018-08-09 05:53:13', NULL),
(79, '024', '01', 'SEKRETARIAT JENDERAL', '2018-08-09 05:53:13', '2018-08-09 05:53:13', NULL),
(80, '024', '02', 'INSPEKTORAT JENDERAL', '2018-08-09 05:53:13', '2018-08-09 05:53:13', NULL),
(81, '024', '03', 'DITJEN BINA KESEHATAN MASYARAKAT', '2018-08-09 05:53:13', '2018-08-09 05:53:13', NULL),
(82, '024', '04', 'DITJEN BINA PELAYANAN MEDIK', '2018-08-09 05:53:13', '2018-08-09 05:53:13', NULL),
(83, '024', '05', 'DITJEN PENGENDALIAAN PENYAKIT DAN PENYEHATAN LINGKUNGAN', '2018-08-09 05:53:13', '2018-08-09 05:53:13', NULL),
(84, '024', '11', 'BADAN PENELITIAN DAN PENGEMBANGAN KESEHATAN', '2018-08-09 05:53:13', '2018-08-09 05:53:13', NULL),
(85, '025', '01', 'SEKRETARIAT JENDERAL', '2018-08-09 05:53:13', '2018-08-09 05:53:13', NULL),
(86, '025', '02', 'INSPEKTORAT JENDERAL', '2018-08-09 05:53:14', '2018-08-09 05:53:14', NULL),
(87, '025', '03', 'DITJEN BIMBINGAN MASYARAKAT ISLAM', '2018-08-09 05:53:14', '2018-08-09 05:53:14', NULL),
(88, '025', '04', 'DITJEN PENDIDIKAN ISLAM', '2018-08-09 05:53:14', '2018-08-09 05:53:14', NULL),
(89, '025', '05', 'DITJEN BIMBINGAN MASYARAKAT KRISTEN', '2018-08-09 05:53:14', '2018-08-09 05:53:14', NULL),
(90, '025', '06', 'DITJEN BIMBINGAN MASYARAKAT KHATOLIK', '2018-08-09 05:53:14', '2018-08-09 05:53:14', NULL),
(91, '025', '07', 'DITJEN BIMBINGAN MASYARAKAT HINDU', '2018-08-09 05:53:14', '2018-08-09 05:53:14', NULL),
(92, '025', '11', 'BADAN PENELITIAN PENGEMBANGAN DAN PENDIDIKAN PELATIHAN', '2018-08-09 05:53:14', '2018-08-09 05:53:14', NULL),
(93, '026', '01', 'SEKRETARIAT JENDERAL', '2018-08-09 05:53:14', '2018-08-09 05:53:14', NULL),
(94, '026', '02', 'INSPEKTORAT JENDERAL', '2018-08-09 05:53:14', '2018-08-09 05:53:14', NULL),
(95, '026', '03', 'DITJEN PEMBINAAN DAN PENEMPATAN TENAGA KERJA LUAR NEGERI', '2018-08-09 05:53:14', '2018-08-09 05:53:14', NULL),
(96, '026', '04', 'DITJEN PEMBINAAN DAN PENEMPATAN TENAGA KERJA DALAM NEGERI', '2018-08-09 05:53:14', '2018-08-09 05:53:14', NULL),
(97, '026', '05', 'DITJEN PEMBINAAN HUBUNGAN INDUSTRIAL & JAMINAN SOSIAL KETENAGAKERJAAN', '2018-08-09 05:53:14', '2018-08-09 05:53:14', NULL),
(98, '026', '11', 'BADAN PENELITIAN, PENGEMBANGAN DAN INFORMASI', '2018-08-09 05:53:14', '2018-08-09 05:53:14', NULL),
(99, '029', '01', 'SEKRETARIAT JENDERAL', '2018-08-09 05:53:14', '2018-08-09 05:53:14', NULL),
(100, '029', '02', 'INSPEKTORAT JENDERAL', '2018-08-09 05:53:14', '2018-08-09 05:53:14', NULL),
(101, '029', '03', 'DITJEN BINA PRODUKSI KEHUTANAN', '2018-08-09 05:53:14', '2018-08-09 05:53:14', NULL),
(102, '029', '04', 'DITJEN REHABILITASI LAHAN DAN PERHUTANAN SOSIAL', '2018-08-09 05:53:14', '2018-08-09 05:53:14', NULL),
(103, '029', '05', 'DITJEN PERLINDUNGAN HUTAN DAN KONSERVASI ALAM', '2018-08-09 05:53:14', '2018-08-09 05:53:14', NULL),
(104, '029', '06', 'BADAN PLANOLOGI KEHUTANAN', '2018-08-09 05:53:14', '2018-08-09 05:53:14', NULL),
(105, '032', '01', 'SEKRETARIAT JENDERAL', '2018-08-09 05:53:14', '2018-08-09 05:53:14', NULL),
(106, '032', '02', 'INSPEKTORAT JENDERAL', '2018-08-09 05:53:14', '2018-08-09 05:53:14', NULL),
(107, '032', '03', 'DITJEN PERIKANAN TANGKAP', '2018-08-09 05:53:14', '2018-08-09 05:53:14', NULL),
(108, '032', '04', 'DITJEN PERIKANAN BUDIDAYA', '2018-08-09 05:53:14', '2018-08-09 05:53:14', NULL),
(109, '032', '05', 'DITJEN PENGAWASAN DAN PENGENDALIAN SUMBER DAYA KELAUTAN DAN PERIKANAN', '2018-08-09 05:53:15', '2018-08-09 05:53:15', NULL),
(110, '032', '06', 'DITJEN PENGOLAHAN DAN PEMASARAN HASIL PERIKANAN (P2HP)', '2018-08-09 05:53:15', '2018-08-09 05:53:15', NULL),
(111, '032', '07', 'DITJEN KELAUTAN, PESISIR DAN PULAU-PULAU KECIL (KP3K)', '2018-08-09 05:53:15', '2018-08-09 05:53:15', NULL),
(112, '033', '01', 'SEKRETARIAT JENDERAL', '2018-08-09 05:53:15', '2018-08-09 05:53:15', NULL),
(113, '033', '02', 'INSPEKTORAT JENDERAL', '2018-08-09 05:53:15', '2018-08-09 05:53:15', NULL),
(114, '033', '03', 'DITJEN PENATAAN RUANG', '2018-08-09 05:53:15', '2018-08-09 05:53:15', NULL),
(115, '033', '04', 'DITJEN BINA MARGA', '2018-08-09 05:53:15', '2018-08-09 05:53:15', NULL),
(116, '033', '05', 'DITJEN CIPTA KARYA', '2018-08-09 05:53:15', '2018-08-09 05:53:15', NULL),
(117, '033', '06', 'DITJEN SUMBER DAYA AIR', '2018-08-09 05:53:15', '2018-08-09 05:53:15', NULL),
(118, '033', '11', 'BADAN PENELITIAN DAN PENGEMBANGAN', '2018-08-09 05:53:15', '2018-08-09 05:53:15', NULL),
(119, '034', '01', 'MENKO BIDANG POLITIK, HUKUM  DAN KEAMANAN', '2018-08-09 05:53:15', '2018-08-09 05:53:15', NULL),
(120, '035', '01', 'MENKO BIDANG PEREKONOMIAN', '2018-08-09 05:53:15', '2018-08-09 05:53:15', NULL),
(121, '036', '01', 'MENKO BIDANG KESEJAHTERAAN RAKYAT', '2018-08-09 05:53:15', '2018-08-09 05:53:15', NULL),
(122, '041', '01', 'KEMENTERIAN BADAN USAHA MILIK NEGARA', '2018-08-09 05:53:15', '2018-08-09 05:53:15', NULL),
(123, '042', '01', 'MENTERI NEGARA RISET DAN TEKNOLOGI', '2018-08-09 05:53:15', '2018-08-09 05:53:15', NULL),
(124, '043', '01', 'MENTERI NEGARA LINGKUNGAN HIDUP', '2018-08-09 05:53:15', '2018-08-09 05:53:15', NULL),
(125, '044', '01', 'MENTERI NEGARA KOPERASI DAN PENGUSAHA KECIL DAN MENENGAH', '2018-08-09 05:53:15', '2018-08-09 05:53:15', NULL),
(126, '047', '01', 'MENTERI NEGARA PEMBERDAYAAN PEREMPUAN', '2018-08-09 05:53:15', '2018-08-09 05:53:15', NULL),
(127, '048', '01', 'MENTERI NEGARA PENDAYAGUNAAN APARATUR NEGARA', '2018-08-09 05:53:15', '2018-08-09 05:53:15', NULL),
(128, '050', '01', 'BADAN INTELIJEN NEGARA', '2018-08-09 05:53:15', '2018-08-09 05:53:15', NULL),
(129, '051', '01', 'LEMBAGA SANDI NEGARA', '2018-08-09 05:53:16', '2018-08-09 05:53:16', NULL),
(130, '052', '01', 'SETJEN DEWAN KETAHANAN NASIONAL', '2018-08-09 05:53:16', '2018-08-09 05:53:16', NULL),
(131, '054', '01', 'BADAN PUSAT STATISTIK', '2018-08-09 05:53:16', '2018-08-09 05:53:16', NULL),
(132, '055', '01', 'MENTERI NEGARA PERENCANAAN PEMBANGUNAN / BAPPENAS', '2018-08-09 05:53:16', '2018-08-09 05:53:16', NULL),
(133, '056', '01', 'BADAN PERTANAHAN NASIONAL', '2018-08-09 05:53:16', '2018-08-09 05:53:16', NULL),
(134, '057', '01', 'PERPUSTAKAAN NASIONAL', '2018-08-09 05:53:16', '2018-08-09 05:53:16', NULL),
(135, '069', '03', 'BELANJA LAIN-LAIN', '2018-08-09 05:53:16', '2018-08-09 05:53:16', NULL),
(136, '013', '11', 'BADAN PENELITIAN DAN PENGEMBANGAN HAM', '2018-08-09 05:53:16', '2018-08-09 05:53:16', NULL),
(137, '010', '07', 'DITJEN OTONOMI DAERAH', '2018-08-09 05:53:16', '2018-08-09 05:53:16', NULL),
(138, '060', '01', 'KEPOLISIAN NEGARA REPUBLIK INDONESIA', '2018-08-09 05:53:16', '2018-08-09 05:53:16', NULL),
(139, '007', '05', 'SEKRETARIAT MILITER', '2018-08-09 05:53:16', '2018-08-09 05:53:16', NULL),
(140, '008', '01', 'SEKRETARIAT WAKIL PRESIDEN', '2018-08-09 05:53:16', '2018-08-09 05:53:16', NULL),
(141, '008', '02', 'BAKORNAS PENANGGULANGAN BENCANA DAN PENANGANAN PENGUNGSI', '2018-08-09 05:53:16', '2018-08-09 05:53:16', NULL),
(142, '010', '08', 'DITJEN ADMINISTRASI KEPENDUDUKAN', '2018-08-09 05:53:16', '2018-08-09 05:53:16', NULL),
(143, '011', '07', 'DIREKTORAT JENDERAL HUKUM DAN PERJANJIAN INTERNASIONAL', '2018-08-09 05:53:16', '2018-08-09 05:53:16', NULL),
(144, '011', '08', 'DIREKTORAT JENDERAL PROTOKOL DAN KONSULER', '2018-08-09 05:53:16', '2018-08-09 05:53:16', NULL),
(145, '011', '09', 'INSPEKTORAT JENDERAL', '2018-08-09 05:53:16', '2018-08-09 05:53:16', NULL),
(146, '013', '08', 'DITJEN PERATURAN PERUNDANG-UNDANGAN', '2018-08-09 05:53:16', '2018-08-09 05:53:16', NULL),
(147, '013', '09', 'DITJEN PERLINDUNGAN HAK ASASI MANUSIA', '2018-08-09 05:53:16', '2018-08-09 05:53:16', NULL),
(148, '013', '10', 'BADAN PEMBINAAN HUKUM NASIONAL', '2018-08-09 05:53:16', '2018-08-09 05:53:16', NULL),
(149, '018', '04', 'DITJEN HORTIKULTURA', '2018-08-09 05:53:16', '2018-08-09 05:53:16', NULL),
(150, '018', '07', 'DITJEN PENGOLAHAN DAN PEMASARAN HASIL PERTANIAN', '2018-08-09 05:53:16', '2018-08-09 05:53:16', NULL),
(151, '018', '08', 'DITJEN PENGELOLAAN LAHAN DAN AIR', '2018-08-09 05:53:17', '2018-08-09 05:53:17', NULL),
(152, '018', '09', 'BADAN PENELITIAN DAN PENGEMBANGAN PERTANIAN', '2018-08-09 05:53:17', '2018-08-09 05:53:17', NULL),
(153, '018', '10', 'BADAN PENGEMBANGAN SUMBER DAYA MANUSIA PERTANIAN', '2018-08-09 05:53:17', '2018-08-09 05:53:17', NULL),
(154, '020', '11', 'BADAN PENELITIAN DAN PENGEMBANGAN ENERGI DAN SUMBER DAYA MINERAL', '2018-08-09 05:53:17', '2018-08-09 05:53:17', NULL),
(155, '020', '12', 'BADAN DIKLAT ENERGI DAN SUMBER DAYA MINERAL', '2018-08-09 05:53:17', '2018-08-09 05:53:17', NULL),
(156, '024', '12', 'BADAN PENGEMBANGAN DAN PEMBERDAYAAN SDM KESEHATAN', '2018-08-09 05:53:17', '2018-08-09 05:53:17', NULL),
(157, '026', '06', 'DITJEN PEMBINAAN PENYIAPAN PERMUKIMAN DAN PENEMPATAN TRANSMIGRASI', '2018-08-09 05:53:17', '2018-08-09 05:53:17', NULL),
(158, '026', '07', 'DITJEN PEMBINAAN PENGEMBANGAN MASYARAKAT DAN KAWASAN TRANSMIGRASI', '2018-08-09 05:53:17', '2018-08-09 05:53:17', NULL),
(159, '026', '08', 'DITJEN PEMBINAAN PENGAWASAN KETENAGAKERJAAN', '2018-08-09 05:53:17', '2018-08-09 05:53:17', NULL),
(160, '026', '13', 'DITJEN PEMBINAAN PELATIHAN DAN PRODUKTIVITAS', '2018-08-09 05:53:17', '2018-08-09 05:53:17', NULL),
(161, '027', '01', 'SEKRETARIAT JENDERAL', '2018-08-09 05:53:17', '2018-08-09 05:53:17', NULL),
(162, '027', '02', 'INSPEKTORAT JENDERAL', '2018-08-09 05:53:17', '2018-08-09 05:53:17', NULL),
(163, '027', '03', 'DITJEN PEMBERDAYAAN SOSIAL', '2018-08-09 05:53:17', '2018-08-09 05:53:17', NULL),
(164, '027', '04', 'DITJEN PELAYANAN DAN REHABILITASI SOSIAL', '2018-08-09 05:53:17', '2018-08-09 05:53:17', NULL),
(165, '027', '05', 'DITJEN BANTUAN DAN JAMINAN SOSIAL', '2018-08-09 05:53:17', '2018-08-09 05:53:17', NULL),
(166, '027', '11', 'BADAN PENDIDIKAN DAN PENELITIAN KESEJAHTERAAN SOSIAL', '2018-08-09 05:53:17', '2018-08-09 05:53:17', NULL),
(167, '032', '11', 'BADAN RISET KELAUTAN DAN PERIKANAN (BRKP)', '2018-08-09 05:53:17', '2018-08-09 05:53:17', NULL),
(168, '063', '01', 'BADAN PENGAWAS OBAT DAN MAKANAN', '2018-08-09 05:53:17', '2018-08-09 05:53:17', NULL),
(169, '064', '01', 'LEMBAGA KETAHANAN NASIONAL RI', '2018-08-09 05:53:17', '2018-08-09 05:53:17', NULL),
(170, '065', '01', 'SEKRETARIAT UTAMA', '2018-08-09 05:53:17', '2018-08-09 05:53:17', NULL),
(171, '066', '01', 'BADAN NARKOTIKA NASIONAL', '2018-08-09 05:53:17', '2018-08-09 05:53:17', NULL),
(172, '067', '01', 'MENTERI NEGARA PEMBANGUNAN DAERAH TERTINGGAL', '2018-08-09 05:53:17', '2018-08-09 05:53:17', NULL),
(173, '068', '01', 'BADAN KOORDINASI KELUARGA BERENCANA NASIONAL', '2018-08-09 05:53:17', '2018-08-09 05:53:17', NULL),
(174, '070', '03', 'DANA PERIMBANGAN', '2018-08-09 05:53:17', '2018-08-09 05:53:17', NULL),
(175, '071', '03', 'DANA OTONOMI KHUSUS PENYEIMBANG', '2018-08-09 05:53:17', '2018-08-09 05:53:17', NULL),
(176, '074', '01', 'KOMNAS HAM', '2018-08-09 05:53:17', '2018-08-09 05:53:17', NULL),
(177, '075', '01', 'BADAN METEOROLOGI DAN GEOFISIKA', '2018-08-09 05:53:18', '2018-08-09 05:53:18', NULL),
(178, '076', '01', 'KOMISI PEMILIHAN UMUM', '2018-08-09 05:53:18', '2018-08-09 05:53:18', NULL),
(179, '010', '09', 'DITJEN BINA ADMINISTRASI KEUANGAN DAERAH', '2018-08-09 05:53:18', '2018-08-09 05:53:18', NULL),
(180, '077', '01', 'MAHKAMAH KONSTITUSI RI', '2018-08-09 05:53:18', '2018-08-09 05:53:18', NULL),
(181, '029', '07', 'BADAN PENELITIAN DAN PENGEMBANGAN KEHUTANAN', '2018-08-09 05:53:18', '2018-08-09 05:53:18', NULL),
(182, '024', '07', 'DITJEN BINA KEFARMASIAN DAN ALAT KESEHATAN', '2018-08-09 05:53:18', '2018-08-09 05:53:18', NULL),
(183, '061', '03', 'CICILAN DAN BUNGA HUTANG', '2018-08-09 05:53:18', '2018-08-09 05:53:18', NULL),
(184, '062', '03', 'SUBSIDI DAN TRANSFER', '2018-08-09 05:53:18', '2018-08-09 05:53:18', NULL),
(185, '079', '01', 'LEMBAGA ILMU PENGETAHUAN INDONESIA', '2018-08-09 05:53:18', '2018-08-09 05:53:18', NULL),
(186, '080', '01', 'BADAN TENAGA NUKLIR NASIONAL', '2018-08-09 05:53:18', '2018-08-09 05:53:18', NULL),
(187, '081', '01', 'BADAN PENGKAJIAN DAN PENERAPAN TEKNOLOGI', '2018-08-09 05:53:18', '2018-08-09 05:53:18', NULL),
(188, '082', '01', 'L A P A N', '2018-08-09 05:53:18', '2018-08-09 05:53:18', NULL),
(189, '083', '01', 'BADAN KOORDINASI SURVEY DAN PEMETAAN NASIONAL', '2018-08-09 05:53:18', '2018-08-09 05:53:18', NULL),
(190, '084', '01', 'BADAN STANDARISASI NASIONAL', '2018-08-09 05:53:18', '2018-08-09 05:53:18', NULL),
(191, '085', '01', 'BADAN PENGAWAS TENAGA NUKLIR', '2018-08-09 05:53:18', '2018-08-09 05:53:18', NULL),
(192, '086', '01', 'LEMBAGA ADMINISTRASI NEGARA', '2018-08-09 05:53:18', '2018-08-09 05:53:18', NULL),
(193, '087', '01', 'ARSIP NASIONAL', '2018-08-09 05:53:18', '2018-08-09 05:53:18', NULL),
(194, '088', '01', 'BADAN KEPEGAWAIAN NEGARA', '2018-08-09 05:53:18', '2018-08-09 05:53:18', NULL),
(195, '089', '01', 'BADAN PENGAWASAN KEUANGAN DAN PEMBANGUNAN', '2018-08-09 05:53:18', '2018-08-09 05:53:18', NULL),
(196, '090', '01', 'SEKRETARIAT JENDERAL DEPARTEMEN PERDAGANGAN', '2018-08-09 05:53:18', '2018-08-09 05:53:18', NULL),
(197, '092', '01', 'KEMENTERIAN NEGARA PEMUDA DAN OLAH RAGA', '2018-08-09 05:53:18', '2018-08-09 05:53:18', NULL),
(198, '093', '01', 'KOMISI PEMBERANTASAN KORUPSI', '2018-08-09 05:53:18', '2018-08-09 05:53:18', NULL),
(199, '091', '01', 'SEKRETARIAT KEMENTERIAN NEGARA PERUMAHAN RAKYAT', '2018-08-09 05:53:19', '2018-08-09 05:53:19', NULL),
(200, '059', '01', 'SEKRETARIAT JENDERAL', '2018-08-09 05:53:19', '2018-08-09 05:53:19', NULL),
(201, '059', '02', 'INSPEKTORAT JENDERAL', '2018-08-09 05:53:19', '2018-08-09 05:53:19', NULL),
(202, '059', '03', 'DITJEN POS DAN TELEKOMUNIKASI', '2018-08-09 05:53:19', '2018-08-09 05:53:19', NULL),
(203, '059', '04', 'DITJEN APLIKASI TELEMATIKA', '2018-08-09 05:53:19', '2018-08-09 05:53:19', NULL),
(204, '059', '05', 'DITJEN SARANA KOMUNIKASI DAN DISEMINASI INFORMASI', '2018-08-09 05:53:19', '2018-08-09 05:53:19', NULL),
(205, '059', '06', 'BADAN PENELITIAN DAN PENGEMBANGAN SUMBER DAYA MANUSIA', '2018-08-09 05:53:19', '2018-08-09 05:53:19', NULL),
(206, '059', '07', 'BADAN INFORMASI PUBLIK', '2018-08-09 05:53:19', '2018-08-09 05:53:19', NULL),
(207, '040', '01', 'SEKRETARIAT JENDERAL', '2018-08-09 05:53:19', '2018-08-09 05:53:19', NULL),
(208, '040', '02', 'INSPEKTORAT JENDERAL', '2018-08-09 05:53:19', '2018-08-09 05:53:19', NULL),
(209, '040', '03', 'DIREKTORAT JENDERAL NILAI BUDAYA, SENI DAN FILM', '2018-08-09 05:53:19', '2018-08-09 05:53:19', NULL),
(210, '040', '04', 'DIREKTORAT JENDERAL SEJARAH DAN PURBAKALA', '2018-08-09 05:53:19', '2018-08-09 05:53:19', NULL),
(211, '040', '05', 'DIREKTORAT JENDERAL PENGEMBANGAN DESTINASI PARIWISATA', '2018-08-09 05:53:19', '2018-08-09 05:53:19', NULL),
(212, '040', '06', 'DIREKTORAT JENDERAL PEMASARAN', '2018-08-09 05:53:19', '2018-08-09 05:53:19', NULL),
(213, '040', '10', 'BADAN PENGEMBANGAN SUMBER DAYA KEBUDAYAAN DAN PARIWISATA', '2018-08-09 05:53:19', '2018-08-09 05:53:19', NULL),
(214, '053', '01', 'BADAN URUSAN LOGISTIK', '2018-08-09 05:53:19', '2018-08-09 05:53:19', NULL),
(215, '090', '02', 'DIREKTORAT JENDERAL PERDAGANGAN DALAM NEGERI', '2018-08-09 05:53:19', '2018-08-09 05:53:19', NULL),
(216, '090', '03', 'DIREKTORAT JENDERAL PERDAGANGAN LUAR NEGERI', '2018-08-09 05:53:19', '2018-08-09 05:53:19', NULL),
(217, '090', '04', 'DIREKTORAT JENDERAL KERJASAMA PERDAGANGAN INTERNASIONAL', '2018-08-09 05:53:19', '2018-08-09 05:53:19', NULL),
(218, '090', '05', 'INSPEKTORAT JENDERAL DEPARTEMEN PERDAGANGAN', '2018-08-09 05:53:19', '2018-08-09 05:53:19', NULL),
(219, '090', '06', 'BADAN PENGEMBANGAN EKSPOR NASIONAL', '2018-08-09 05:53:19', '2018-08-09 05:53:19', NULL),
(220, '090', '07', 'BADAN PENGAWAS PERDAGANGAN BERJANGKA KOMODITI', '2018-08-09 05:53:20', '2018-08-09 05:53:20', NULL),
(221, '090', '08', 'BADAN PENELITIAN DAN PENGEMBANGAN PERDAGANGAN', '2018-08-09 05:53:20', '2018-08-09 05:53:20', NULL),
(222, '019', '05', 'DIREKTORAT JENDERAL INDUSTRI KECIL DAN MENENGAH', '2018-08-09 05:53:20', '2018-08-09 05:53:20', NULL),
(223, '019', '06', 'INSPEKTORAT JENDERAL', '2018-08-09 05:53:20', '2018-08-09 05:53:20', NULL),
(224, '095', '01', 'SEKRETARIAT JENDERAL DPD RI', '2018-08-09 05:53:20', '2018-08-09 05:53:20', NULL),
(225, '096', '03', 'PEMBAYARAN CICILAN POKOK HUTANG LUAR NEGERI', '2018-08-09 05:53:20', '2018-08-09 05:53:20', NULL),
(226, '098', '03', 'PENERUSAN PINJAMAN', '2018-08-09 05:53:20', '2018-08-09 05:53:20', NULL),
(227, '099', '03', 'PENYERTAAN MODAL NEGARA', '2018-08-09 05:53:20', '2018-08-09 05:53:20', NULL),
(228, '097', '03', 'PEMBAYARAN CICILAN POKOK HUTANG DALAM NEGERI', '2018-08-09 05:53:20', '2018-08-09 05:53:20', NULL),
(229, '023', '08', 'DITJEN PENINGKATAN MUTU PENDIDIK DAN TENAGA KEPENDIDIKAN', '2018-08-09 05:53:20', '2018-08-09 05:53:20', NULL),
(230, '091', '03', 'DEPUTI PENGEMBANGAN KAWASAN', '2018-08-09 05:53:20', '2018-08-09 05:53:20', NULL),
(231, '091', '02', 'DEPUTI PEMBIAYAAN', '2018-08-09 05:53:20', '2018-08-09 05:53:20', NULL),
(232, '091', '04', 'DEPUTI PERUMAHAN FORMAL', '2018-08-09 05:53:20', '2018-08-09 05:53:20', NULL),
(233, '091', '05', 'DEPUTI PERUMAHAN SWADAYA', '2018-08-09 05:53:20', '2018-08-09 05:53:20', NULL),
(234, '078', '01', 'PUSAT PELAPORAN DAN ANALISIS TRANSAKSI KEUANGAN', '2018-08-09 05:53:20', '2018-08-09 05:53:20', NULL),
(235, '065', '02', 'DEPUTI BIDANG PENGEMBANGAN IKLIM PENANAMAN MODAL', '2018-08-09 05:53:20', '2018-08-09 05:53:20', NULL),
(236, '065', '03', 'DEPUTI BIDANG PROMOSI PENANAMAN MODAL', '2018-08-09 05:53:20', '2018-08-09 05:53:20', NULL),
(237, '065', '04', 'DEPUTI BIDANG KERJA SAMA PENANAMAN MODAL', '2018-08-09 05:53:20', '2018-08-09 05:53:20', NULL),
(238, '065', '05', 'DEPUTI BIDANG PELAYANAN PENANAMAN MODAL', '2018-08-09 05:53:20', '2018-08-09 05:53:20', NULL),
(239, '065', '06', 'DEPUTI BIDANG PENGENDALIAN PELAKSANAAN PENANAMAN MODAL', '2018-08-09 05:53:20', '2018-08-09 05:53:20', NULL),
(240, '065', '07', 'INSPEKTORAT', '2018-08-09 05:53:20', '2018-08-09 05:53:20', NULL),
(241, '065', '08', 'PUSAT PENELITIAN DAN PELATIHAN', '2018-08-09 05:53:21', '2018-08-09 05:53:21', NULL),
(242, '069', '10', 'DEPARTEMEN DALAM NEGERI', '2018-08-09 05:53:21', '2018-08-09 05:53:21', NULL),
(243, '020', '13', 'BADAN GEOLOGI', '2018-08-09 05:53:21', '2018-08-09 05:53:21', NULL),
(244, '033', '13', 'BADAN PEMBINAAN KONSTRUKSI DAN  SUMBER DAYA MANUSIA', '2018-08-09 05:53:21', '2018-08-09 05:53:21', NULL),
(245, '022', '08', 'DIREKTORAT JENDERAL PERKERETAAPIAN', '2018-08-09 05:53:21', '2018-08-09 05:53:21', NULL),
(246, '005', '03', 'DIREKTORAT JENDERAL BADAN PERADILAN UMUM', '2018-08-09 05:53:21', '2018-08-09 05:53:21', NULL),
(247, '005', '04', 'DIREKTORAT JENDERAL BADAN PERADILAN AGAMA', '2018-08-09 05:53:21', '2018-08-09 05:53:21', NULL),
(248, '005', '05', 'DIREKTORAT JENDERAL BADAN PERADILAN MILITER DAN PERADILAN TUN', '2018-08-09 05:53:21', '2018-08-09 05:53:21', NULL),
(249, '005', '06', 'BADAN URUSAN ADMINISTRASI', '2018-08-09 05:53:21', '2018-08-09 05:53:21', NULL),
(250, '005', '07', 'BADAN DIKLAT LITBANG', '2018-08-09 05:53:21', '2018-08-09 05:53:21', NULL),
(251, '005', '08', 'BADAN PENGAWASAN MAHKAMAH AGUNG', '2018-08-09 05:53:21', '2018-08-09 05:53:21', NULL),
(252, '012', '21', 'MARKAS BESAR TNI', '2018-08-09 05:53:21', '2018-08-09 05:53:21', NULL),
(253, '012', '22', 'MARKAS BESAR TNI AD', '2018-08-09 05:53:21', '2018-08-09 05:53:21', NULL),
(254, '012', '23', 'MARKAS BESAR TNI AL', '2018-08-09 05:53:21', '2018-08-09 05:53:21', NULL),
(255, '012', '24', 'MARKAS BESAR TNI AU', '2018-08-09 05:53:21', '2018-08-09 05:53:21', NULL),
(256, '100', '01', 'KOMISI YUDISIAL RI', '2018-08-09 05:53:21', '2018-08-09 05:53:21', NULL),
(257, '015', '07', 'DITJEN PENGELOLAAN UTANG', '2018-08-09 05:53:21', '2018-08-09 05:53:21', NULL),
(258, '015', '09', 'DITJEN KEKAYAAN NEGARA', '2018-08-09 05:53:21', '2018-08-09 05:53:21', NULL),
(259, '032', '12', 'BADAN PENGEMBANGAN SDM KELAUTAN DAN PERIKANAN', '2018-08-09 05:53:21', '2018-08-09 05:53:21', NULL),
(260, '025', '08', 'DITJEN BIMBINGAN MASYARAKAT BUDDHA', '2018-08-09 05:53:21', '2018-08-09 05:53:21', NULL),
(261, '007', '06', 'PASUKAN PENGAMANAN PRESIDEN', '2018-08-09 05:53:22', '2018-08-09 05:53:22', NULL),
(262, '103', '01', 'BADAN KOORDINASI NASIONAL PENANGANAN BENCANA', '2018-08-09 05:53:22', '2018-08-09 05:53:22', NULL),
(263, '025', '09', 'DITJEN PENYELENGGARAAN HAJI DAN UMRAH', '2018-08-09 05:53:22', '2018-08-09 05:53:22', NULL),
(264, '095', '02', 'DEWAN PERWAKILAN DAERAH (DPD)', '2018-08-09 05:53:22', '2018-08-09 05:53:22', NULL),
(265, '033', '14', 'BADAN PENGELOLA JALAN TOL', '2018-08-09 05:53:22', '2018-08-09 05:53:22', NULL),
(266, '033', '15', 'BADAN PENDUKUNG PENGELOLAAN SISTEM PENYEDIAAN AIR MINUM', '2018-08-09 05:53:22', '2018-08-09 05:53:22', NULL),
(267, '101', '03', 'PENERUSAN PINJAMAN SEBAGAI HIBAH', '2018-08-09 05:53:22', '2018-08-09 05:53:22', NULL),
(268, '102', '03', 'PENERUSAN  HIBAH', '2018-08-09 05:53:22', '2018-08-09 05:53:22', NULL),
(269, '094', '01', 'BIDANG PENGAWASAN', '2018-08-09 05:53:22', '2018-08-09 05:53:22', NULL),
(270, '094', '02', 'BIDANG KEUANGAN DAN PERENCANAAN', '2018-08-09 05:53:22', '2018-08-09 05:53:22', NULL),
(271, '094', '03', 'BIDANG AGAMA, SOSIAL DAN BUDAYA', '2018-08-09 05:53:22', '2018-08-09 05:53:22', NULL),
(272, '094', '04', 'BIDANG EKONOMI DAN USAHA', '2018-08-09 05:53:22', '2018-08-09 05:53:22', NULL),
(273, '094', '05', 'BIDANG PENDIDIKAN, KESEHATAN DAN PERAN PEREMPUAN', '2018-08-09 05:53:23', '2018-08-09 05:53:23', NULL),
(274, '094', '06', 'BIDANG PERUMAHAN DAN PERMUKIMAN', '2018-08-09 05:53:23', '2018-08-09 05:53:23', NULL),
(275, '094', '07', 'BIDANG INFRASTRUKTUR, LINGKUNGAN DAN PEMELIHARAAN', '2018-08-09 05:53:23', '2018-08-09 05:53:23', NULL),
(276, '094', '08', 'BIDANG KELEMBAGAAN DAN PENGEMBANGAN SUMBER DAYA MANUSIA', '2018-08-09 05:53:23', '2018-08-09 05:53:23', NULL),
(277, '094', '09', 'SEKRETARIAT, KOMUNIKASI DAN INFORMASI', '2018-08-09 05:53:23', '2018-08-09 05:53:23', NULL),
(278, '094', '10', 'BIDANG OPERASI', '2018-08-09 05:53:23', '2018-08-09 05:53:23', NULL);

-- --------------------------------------------------------

--
-- Table structure for table `users`
--

CREATE TABLE `users` (
  `id` int(10) UNSIGNED NOT NULL,
  `name` varchar(191) COLLATE utf8mb4_unicode_ci NOT NULL,
  `email` varchar(191) COLLATE utf8mb4_unicode_ci NOT NULL,
  `password` varchar(191) COLLATE utf8mb4_unicode_ci NOT NULL,
  `kd_satker` varchar(191) COLLATE utf8mb4_unicode_ci NOT NULL,
  `level` enum('admin','operator') COLLATE utf8mb4_unicode_ci NOT NULL,
  `remember_token` varchar(100) COLLATE utf8mb4_unicode_ci DEFAULT NULL,
  `created_at` timestamp NULL DEFAULT NULL,
  `updated_at` timestamp NULL DEFAULT NULL,
  `deleted_at` timestamp NULL DEFAULT NULL
) ENGINE=InnoDB DEFAULT CHARSET=utf8mb4 COLLATE=utf8mb4_unicode_ci;

--
-- Dumping data for table `users`
--

INSERT INTO `users` (`id`, `name`, `email`, `password`, `kd_satker`, `level`, `remember_token`, `created_at`, `updated_at`, `deleted_at`) VALUES
(1, 'I Gede Angga Purnajiwa', 'arimbawaangga@gmail.com', '$2y$10$KRU5esiLW6A2NiRCAj0os.PtvtTWpmaRWVrG8pVHN57S1wnk8giYy', '0', 'admin', 'Gh0e2BhaP1CrfrIj0M185Yw3xfuxzYsI8IVpwKuyMaRINr854Ge0GVdAOq8e', '2018-07-19 04:54:05', '2018-07-19 07:52:15', NULL),
(2, 'operator1', 'operator1@balimed.co.id', '$2y$10$UUNwLckT4e.ac8UW3oVkH.LGccXX2Io1XCu99hDEu6w33YvCyowvW', '1', 'operator', NULL, '2018-07-19 06:58:38', '2018-07-19 07:57:19', '2018-07-19 07:57:19'),
(3, 'operator2', 'operator2@balimed.co.id', '$2y$10$lmou8kQLnhomZ.X/R8xItOCS7ZzE5cvPDKiUUlbbthnO7G7iI85Q2', '1', 'operator', NULL, '2018-07-19 07:02:53', '2018-07-19 08:04:22', '2018-07-19 08:04:22'),
(4, 'admin', 'admin@admin.com', '$2y$10$S3XI54Qi4.33sdNS7Cp7F.WDgrfkyYiKkDBpi8IFkyo1rfDuJlPH2', '0', 'admin', NULL, '2018-07-19 07:53:24', '2018-07-19 07:53:24', NULL),
(5, 'a', 'admin@hnscreativestudio.com', '$2y$10$H9xlsk5NqjnqM9vzgLNTduo/Bx5Z4R7ZrJ19CPHJOPkboZwclMEpi', '1', 'operator', NULL, '2018-07-19 07:58:09', '2018-07-19 08:04:31', '2018-07-19 08:04:31'),
(6, 'AFC', 'afc22@gmail.com', '$2y$10$l3N.1Sq2mULbMHzBJpVcsetJoqeXDAhNgAwuswcirhurVE2VTNA1G', '1', 'operator', NULL, '2018-07-19 08:04:00', '2018-07-20 04:21:24', NULL),
(7, 'karyawan satker 001', 'karyawan001@gmail.com', '$2y$10$wkgw39Knup/7rhdZwN9.2ePHhs0DPdfkcK/8VhomHcs0t4bwrDN9W', '1', 'operator', '6iHvsH8nUo0E4RS1G0YN8DlgfvBkEgDHHfmyquC1rSXf4SKzGar1L35RwxXV', '2018-07-20 04:20:56', '2018-07-20 05:53:03', NULL),
(8, 'pegawaibaru', 'pegawaibaru@gmail.com', '$2y$10$Q4xSH4KbgK804AX1JqP62.nwvhbAQaTw0QYeagMaXAFtppW8d8Fgi', '3', 'operator', 'Nsr3XwY2RU0CHeYSpCDQG2UnHgkFtbeMTKrlPL4AHGVZmu4vnoHiMG4qQaKC', '2018-08-22 04:17:29', '2018-08-22 04:17:29', NULL);

-- --------------------------------------------------------

--
-- Table structure for table `waktu_absensi`
--

CREATE TABLE `waktu_absensi` (
  `id` int(10) UNSIGNED NOT NULL,
  `bulan` varchar(191) COLLATE utf8mb4_unicode_ci NOT NULL,
  `tahun` varchar(191) COLLATE utf8mb4_unicode_ci NOT NULL,
  `created_at` timestamp NULL DEFAULT NULL,
  `updated_at` timestamp NULL DEFAULT NULL,
  `deleted_at` timestamp NULL DEFAULT NULL
) ENGINE=InnoDB DEFAULT CHARSET=utf8mb4 COLLATE=utf8mb4_unicode_ci;

--
-- Dumping data for table `waktu_absensi`
--

INSERT INTO `waktu_absensi` (`id`, `bulan`, `tahun`, `created_at`, `updated_at`, `deleted_at`) VALUES
(1, '1', '2018', NULL, NULL, NULL),
(2, '2', '2018', NULL, NULL, NULL),
(3, '4', '2018', '2018-07-31 19:57:20', '2018-07-31 19:57:20', NULL),
(4, '3', '2018', '2018-07-31 20:28:47', '2018-07-31 20:28:47', NULL),
(5, '9', '2018', '2018-07-31 23:42:56', '2018-07-31 23:42:56', NULL),
(6, '10', '2018', '2018-08-01 00:23:45', '2018-08-01 00:23:45', NULL),
(7, '1', '2019', '2018-08-01 00:23:55', '2018-08-01 00:23:55', NULL);

--
-- Indexes for dumped tables
--

--
-- Indexes for table `absensi`
--
ALTER TABLE `absensi`
  ADD PRIMARY KEY (`id`);

--
-- Indexes for table `aturan_absensi`
--
ALTER TABLE `aturan_absensi`
  ADD PRIMARY KEY (`id`);

--
-- Indexes for table `aturan_tunkin`
--
ALTER TABLE `aturan_tunkin`
  ADD PRIMARY KEY (`id`);

--
-- Indexes for table `aturan_tunkin_detail`
--
ALTER TABLE `aturan_tunkin_detail`
  ADD PRIMARY KEY (`id`);

--
-- Indexes for table `dept`
--
ALTER TABLE `dept`
  ADD PRIMARY KEY (`id`);

--
-- Indexes for table `gapok`
--
ALTER TABLE `gapok`
  ADD PRIMARY KEY (`id`);

--
-- Indexes for table `jabatan`
--
ALTER TABLE `jabatan`
  ADD PRIMARY KEY (`id`);

--
-- Indexes for table `lokasi`
--
ALTER TABLE `lokasi`
  ADD PRIMARY KEY (`id`);

--
-- Indexes for table `migrations`
--
ALTER TABLE `migrations`
  ADD PRIMARY KEY (`id`);

--
-- Indexes for table `pangkat`
--
ALTER TABLE `pangkat`
  ADD PRIMARY KEY (`id`);

--
-- Indexes for table `password_resets`
--
ALTER TABLE `password_resets`
  ADD KEY `password_resets_email_index` (`email`);

--
-- Indexes for table `pegawai`
--
ALTER TABLE `pegawai`
  ADD PRIMARY KEY (`id`);

--
-- Indexes for table `satker`
--
ALTER TABLE `satker`
  ADD PRIMARY KEY (`id`);

--
-- Indexes for table `unit`
--
ALTER TABLE `unit`
  ADD PRIMARY KEY (`id`);

--
-- Indexes for table `users`
--
ALTER TABLE `users`
  ADD PRIMARY KEY (`id`),
  ADD UNIQUE KEY `users_email_unique` (`email`);

--
-- Indexes for table `waktu_absensi`
--
ALTER TABLE `waktu_absensi`
  ADD PRIMARY KEY (`id`);

--
-- AUTO_INCREMENT for dumped tables
--

--
-- AUTO_INCREMENT for table `absensi`
--
ALTER TABLE `absensi`
  MODIFY `id` int(10) UNSIGNED NOT NULL AUTO_INCREMENT, AUTO_INCREMENT=13;

--
-- AUTO_INCREMENT for table `aturan_absensi`
--
ALTER TABLE `aturan_absensi`
  MODIFY `id` int(10) UNSIGNED NOT NULL AUTO_INCREMENT, AUTO_INCREMENT=5;

--
-- AUTO_INCREMENT for table `aturan_tunkin`
--
ALTER TABLE `aturan_tunkin`
  MODIFY `id` int(10) UNSIGNED NOT NULL AUTO_INCREMENT, AUTO_INCREMENT=9;

--
-- AUTO_INCREMENT for table `aturan_tunkin_detail`
--
ALTER TABLE `aturan_tunkin_detail`
  MODIFY `id` int(10) UNSIGNED NOT NULL AUTO_INCREMENT, AUTO_INCREMENT=109;

--
-- AUTO_INCREMENT for table `dept`
--
ALTER TABLE `dept`
  MODIFY `id` int(10) UNSIGNED NOT NULL AUTO_INCREMENT, AUTO_INCREMENT=88;

--
-- AUTO_INCREMENT for table `gapok`
--
ALTER TABLE `gapok`
  MODIFY `id` int(10) UNSIGNED NOT NULL AUTO_INCREMENT, AUTO_INCREMENT=530;

--
-- AUTO_INCREMENT for table `jabatan`
--
ALTER TABLE `jabatan`
  MODIFY `id` int(10) UNSIGNED NOT NULL AUTO_INCREMENT, AUTO_INCREMENT=5;

--
-- AUTO_INCREMENT for table `lokasi`
--
ALTER TABLE `lokasi`
  MODIFY `id` int(10) UNSIGNED NOT NULL AUTO_INCREMENT, AUTO_INCREMENT=46;

--
-- AUTO_INCREMENT for table `migrations`
--
ALTER TABLE `migrations`
  MODIFY `id` int(10) UNSIGNED NOT NULL AUTO_INCREMENT, AUTO_INCREMENT=16;

--
-- AUTO_INCREMENT for table `pangkat`
--
ALTER TABLE `pangkat`
  MODIFY `id` int(10) UNSIGNED NOT NULL AUTO_INCREMENT, AUTO_INCREMENT=20;

--
-- AUTO_INCREMENT for table `pegawai`
--
ALTER TABLE `pegawai`
  MODIFY `id` int(10) UNSIGNED NOT NULL AUTO_INCREMENT, AUTO_INCREMENT=18;

--
-- AUTO_INCREMENT for table `satker`
--
ALTER TABLE `satker`
  MODIFY `id` int(10) UNSIGNED NOT NULL AUTO_INCREMENT, AUTO_INCREMENT=4;

--
-- AUTO_INCREMENT for table `unit`
--
ALTER TABLE `unit`
  MODIFY `id` int(10) UNSIGNED NOT NULL AUTO_INCREMENT, AUTO_INCREMENT=279;

--
-- AUTO_INCREMENT for table `users`
--
ALTER TABLE `users`
  MODIFY `id` int(10) UNSIGNED NOT NULL AUTO_INCREMENT, AUTO_INCREMENT=9;

--
-- AUTO_INCREMENT for table `waktu_absensi`
--
ALTER TABLE `waktu_absensi`
  MODIFY `id` int(10) UNSIGNED NOT NULL AUTO_INCREMENT, AUTO_INCREMENT=8;
COMMIT;

/*!40101 SET CHARACTER_SET_CLIENT=@OLD_CHARACTER_SET_CLIENT */;
/*!40101 SET CHARACTER_SET_RESULTS=@OLD_CHARACTER_SET_RESULTS */;
/*!40101 SET COLLATION_CONNECTION=@OLD_COLLATION_CONNECTION */;
